[2026-04-12 22:19:46.861] [12807] [HailoRT] [info] [device.cpp:51] [Device] OS Version: Linux 6.12.47+rpt-rpi-2712 #1 SMP PREEMPT Debian 1:6.12.47-1+rpt1 (2025-09-16) aarch64
[2026-04-12 22:19:46.861] [12807] [HailoRT] [info] [control.cpp:113] [control__parse_identify_results] firmware_version is: 4.23.0
[2026-04-12 22:19:46.861] [12807] [HailoRT] [info] [control.cpp:113] [control__parse_identify_results] firmware_version is: 4.23.0
[2026-04-12 22:19:53.164] [12847] [HailoRT] [info] [device.cpp:51] [Device] OS Version: Linux 6.12.47+rpt-rpi-2712 #1 SMP PREEMPT Debian 1:6.12.47-1+rpt1 (2025-09-16) aarch64
[2026-04-12 22:19:53.164] [12847] [HailoRT] [info] [control.cpp:113] [control__parse_identify_results] firmware_version is: 4.23.0
[2026-04-12 22:19:53.165] [12847] [HailoRT] [info] [control.cpp:113] [control__parse_identify_results] firmware_version is: 4.23.0
[2026-04-12 22:19:53.219] [12844] [HailoRT] [info] [vdevice.cpp:535] [create] Creating vdevice with params: device_count: 1, scheduling_algorithm: ROUND_ROBIN, multi_process_service: false
[2026-04-12 22:19:53.229] [12844] [HailoRT] [info] [device.cpp:51] [Device] OS Version: Linux 6.12.47+rpt-rpi-2712 #1 SMP PREEMPT Debian 1:6.12.47-1+rpt1 (2025-09-16) aarch64
[2026-04-12 22:19:53.229] [12844] [HailoRT] [info] [control.cpp:113] [control__parse_identify_results] firmware_version is: 4.23.0
[2026-04-12 22:19:53.229] [12844] [HailoRT] [info] [vdevice.cpp:682] [create] VDevice Infos: 0001:01:00.0
[2026-04-12 22:19:53.234] [12844] [HailoRT] [info] [hef.cpp:1994] [get_network_group_and_network_name] No name was given. Addressing all networks of default network_group: yolov8s
[2026-04-12 22:19:53.234] [12844] [HailoRT] [info] [hef.cpp:1994] [get_network_group_and_network_name] No name was given. Addressing all networks of default network_group: yolov8s
[2026-04-12 22:19:53.234] [12844] [HailoRT] [info] [hef.cpp:1994] [get_network_group_and_network_name] No name was given. Addressing all networks of default network_group: yolov8s
[2026-04-12 22:19:53.244] [12844] [HailoRT] [info] [internal_buffer_manager.cpp:75] [print_execution_results] Default Internal buffer planner failed to meet requirements
[2026-04-12 22:19:53.244] [12844] [HailoRT] [info] [internal_buffer_manager.cpp:86] [print_execution_results] Default Internal buffer planner executed successfully
[2026-04-12 22:19:53.254] [12844] [HailoRT] [info] [device_internal.cpp:57] [configure] Configuring HEF took 19.672094 milliseconds
[2026-04-12 22:19:53.254] [12844] [HailoRT] [info] [vdevice.cpp:780] [configure] Configuring HEF on VDevice took 20.347166 milliseconds
[2026-04-12 22:19:53.254] [12844] [HailoRT] [info] [infer_model.cpp:417] [configure] Configuring network group 'yolov8s' with params: batch size: 1, power mode: PERFORMANCE, latency: NONE
[2026-04-12 22:19:53.255] [12844] [HailoRT] [info] [multi_io_elements.cpp:754] [create] Created (AsyncHwEl)
[2026-04-12 22:19:53.256] [12844] [HailoRT] [info] [queue_elements.cpp:450] [create] Created (EntryPushQEl0yolov8s/input_layer1 | timeout: 10s)
[2026-04-12 22:19:53.256] [12844] [HailoRT] [info] [filter_elements.cpp:101] [create] Created (PreInferEl3yolov8s/input_layer1 | Reorder - src_order: NHWC, src_shape: (640, 640, 3), dst_order: NHCW, dst_shape: (640, 640, 3))
[2026-04-12 22:19:53.256] [12844] [HailoRT] [info] [queue_elements.cpp:450] [create] Created (PushQEl3yolov8s/input_layer1 | timeout: 10s)
[2026-04-12 22:19:53.256] [12844] [HailoRT] [info] [multi_io_elements.cpp:135] [create] Created (NmsPPMuxEl0YOLOV8-Post-Process | Op YOLOV8, Name: YOLOV8-Post-Process, Score threshold: 0.200, IoU threshold: 0.70, Classes: 3, Max bboxes per class: 100, Image height: 640, Image width: 640)
[2026-04-12 22:19:53.256] [12844] [HailoRT] [info] [queue_elements.cpp:942] [create] Created (MultiPushQEl0YOLOV8-Post-Process | timeout: 10s)
[2026-04-12 22:19:53.256] [12844] [HailoRT] [info] [edge_elements.cpp:187] [create] Created (LastAsyncEl0NmsPPMuxEl0YOLOV8-Post-Process)
[2026-04-12 22:19:53.256] [12844] [HailoRT] [info] [pipeline.cpp:891] [print_deep_description] EntryPushQEl0yolov8s/input_layer1 | inputs: user | outputs: PreInferEl3yolov8s/input_layer1(running in thread_id: 12859)
[2026-04-12 22:19:53.257] [12844] [HailoRT] [info] [pipeline.cpp:891] [print_deep_description] PreInferEl3yolov8s/input_layer1 | inputs: EntryPushQEl0yolov8s/input_layer1[0] | outputs: PushQEl3yolov8s/input_layer1
[2026-04-12 22:19:53.257] [12844] [HailoRT] [info] [pipeline.cpp:891] [print_deep_description] PushQEl3yolov8s/input_layer1 | inputs: PreInferEl3yolov8s/input_layer1[0] | outputs: AsyncHwEl(running in thread_id: 12860)
[2026-04-12 22:19:53.257] [12844] [HailoRT] [info] [pipeline.cpp:891] [print_deep_description] AsyncHwEl | inputs: PushQEl3yolov8s/input_layer1[0] | outputs: MultiPushQEl0YOLOV8-Post-Process MultiPushQEl0YOLOV8-Post-Process MultiPushQEl0YOLOV8-Post-Process MultiPushQEl0YOLOV8-Post-Process MultiPushQEl0YOLOV8-Post-Process MultiPushQEl0YOLOV8-Post-Process
[2026-04-12 22:19:53.257] [12844] [HailoRT] [info] [pipeline.cpp:891] [print_deep_description] MultiPushQEl0YOLOV8-Post-Process | inputs: AsyncHwEl[0] AsyncHwEl[1] AsyncHwEl[2] AsyncHwEl[3] AsyncHwEl[4] AsyncHwEl[5] | outputs: NmsPPMuxEl0YOLOV8-Post-Process(running in thread_id: 12861)
[2026-04-12 22:19:53.257] [12844] [HailoRT] [info] [pipeline.cpp:891] [print_deep_description] NmsPPMuxEl0YOLOV8-Post-Process | inputs: MultiPushQEl0YOLOV8-Post-Process[0] | outputs: LastAsyncEl0NmsPPMuxEl0YOLOV8-Post-Process
[2026-04-12 22:19:53.257] [12844] [HailoRT] [info] [pipeline.cpp:891] [print_deep_description] LastAsyncEl0NmsPPMuxEl0YOLOV8-Post-Process | inputs: NmsPPMuxEl0YOLOV8-Post-Process[0] | outputs: user
[2026-04-12 22:19:53.268] [12844] [HailoRT] [info] [async_infer_runner.cpp:86] [shutdown] Pipeline was aborted. Shutting it down
[2026-04-12 22:19:53.268] [12844] [HailoRT] [info] [queue_elements.cpp:1131] [execute_deactivate] enqueue() in element MultiPushQEl0YOLOV8-Post-Process was aborted, got status = HAILO_SHUTDOWN_EVENT_SIGNALED(57)
[2026-04-12 22:19:53.268] [12844] [HailoRT] [info] [queue_elements.cpp:1131] [execute_deactivate] enqueue() in element MultiPushQEl0YOLOV8-Post-Process was aborted, got status = HAILO_SHUTDOWN_EVENT_SIGNALED(57)
[2026-04-12 22:19:53.268] [12844] [HailoRT] [info] [queue_elements.cpp:1131] [execute_deactivate] enqueue() in element MultiPushQEl0YOLOV8-Post-Process was aborted, got status = HAILO_SHUTDOWN_EVENT_SIGNALED(57)
[2026-04-12 22:19:53.268] [12844] [HailoRT] [info] [queue_elements.cpp:1131] [execute_deactivate] enqueue() in element MultiPushQEl0YOLOV8-Post-Process was aborted, got status = HAILO_SHUTDOWN_EVENT_SIGNALED(57)
[2026-04-12 22:19:53.268] [12844] [HailoRT] [info] [queue_elements.cpp:1131] [execute_deactivate] enqueue() in element MultiPushQEl0YOLOV8-Post-Process was aborted, got status = HAILO_SHUTDOWN_EVENT_SIGNALED(57)
[2026-04-12 22:19:53.268] [12844] [HailoRT] [info] [queue_elements.cpp:1131] [execute_deactivate] enqueue() in element MultiPushQEl0YOLOV8-Post-Process was aborted, got status = HAILO_SHUTDOWN_EVENT_SIGNALED(57)
[2026-04-12 22:19:53.268] [12844] [HailoRT] [info] [queue_elements.cpp:570] [execute_deactivate] enqueue() in element PushQEl3yolov8s/input_layer1 was aborted, got status = HAILO_SHUTDOWN_EVENT_SIGNALED(57)
[2026-04-12 22:19:53.268] [12844] [HailoRT] [info] [queue_elements.cpp:570] [execute_deactivate] enqueue() in element EntryPushQEl0yolov8s/input_layer1 was aborted, got status = HAILO_SHUTDOWN_EVENT_SIGNALED(57)
[2026-04-12 22:19:53.268] [12844] [HailoRT] [info] [queue_elements.cpp:46] [~BaseQueueElement] Queue element EntryPushQEl0yolov8s/input_layer1 has 0 frames in his Queue on destruction
[2026-04-12 22:19:53.268] [12844] [HailoRT] [info] [queue_elements.cpp:46] [~BaseQueueElement] Queue element PushQEl3yolov8s/input_layer1 has 0 frames in his Queue on destruction
[2026-04-12 22:27:30.553] [17395] [HailoRT] [info] [device.cpp:51] [Device] OS Version: Linux 6.12.47+rpt-rpi-2712 #1 SMP PREEMPT Debian 1:6.12.47-1+rpt1 (2025-09-16) aarch64
[2026-04-12 22:27:30.553] [17395] [HailoRT] [info] [control.cpp:113] [control__parse_identify_results] firmware_version is: 4.23.0
[2026-04-12 22:27:30.553] [17395] [HailoRT] [info] [control.cpp:113] [control__parse_identify_results] firmware_version is: 4.23.0
[2026-04-12 22:27:30.599] [17392] [HailoRT] [info] [vdevice.cpp:535] [create] Creating vdevice with params: device_count: 1, scheduling_algorithm: ROUND_ROBIN, multi_process_service: false
[2026-04-12 22:27:30.609] [17392] [HailoRT] [info] [device.cpp:51] [Device] OS Version: Linux 6.12.47+rpt-rpi-2712 #1 SMP PREEMPT Debian 1:6.12.47-1+rpt1 (2025-09-16) aarch64
[2026-04-12 22:27:30.609] [17392] [HailoRT] [info] [control.cpp:113] [control__parse_identify_results] firmware_version is: 4.23.0
[2026-04-12 22:27:30.609] [17392] [HailoRT] [info] [vdevice.cpp:682] [create] VDevice Infos: 0001:01:00.0
[2026-04-12 22:27:30.613] [17392] [HailoRT] [info] [hef.cpp:1994] [get_network_group_and_network_name] No name was given. Addressing all networks of default network_group: yolov8s
[2026-04-12 22:27:30.613] [17392] [HailoRT] [info] [hef.cpp:1994] [get_network_group_and_network_name] No name was given. Addressing all networks of default network_group: yolov8s
[2026-04-12 22:27:30.613] [17392] [HailoRT] [info] [hef.cpp:1994] [get_network_group_and_network_name] No name was given. Addressing all networks of default network_group: yolov8s
[2026-04-12 22:27:30.618] [17392] [HailoRT] [info] [internal_buffer_manager.cpp:75] [print_execution_results] Default Internal buffer planner failed to meet requirements
[2026-04-12 22:27:30.618] [17392] [HailoRT] [info] [internal_buffer_manager.cpp:86] [print_execution_results] Default Internal buffer planner executed successfully
[2026-04-12 22:27:30.630] [17392] [HailoRT] [info] [device_internal.cpp:57] [configure] Configuring HEF took 16.53605 milliseconds
[2026-04-12 22:27:30.630] [17392] [HailoRT] [info] [vdevice.cpp:780] [configure] Configuring HEF on VDevice took 16.898975 milliseconds
[2026-04-12 22:27:30.630] [17392] [HailoRT] [info] [infer_model.cpp:417] [configure] Configuring network group 'yolov8s' with params: batch size: 1, power mode: PERFORMANCE, latency: NONE
[2026-04-12 22:27:30.630] [17392] [HailoRT] [info] [multi_io_elements.cpp:754] [create] Created (AsyncHwEl)
[2026-04-12 22:27:30.630] [17392] [HailoRT] [info] [queue_elements.cpp:450] [create] Created (EntryPushQEl0yolov8s/input_layer1 | timeout: 10s)
[2026-04-12 22:27:30.630] [17392] [HailoRT] [info] [filter_elements.cpp:101] [create] Created (PreInferEl3yolov8s/input_layer1 | Reorder - src_order: NHWC, src_shape: (640, 640, 3), dst_order: NHCW, dst_shape: (640, 640, 3))
[2026-04-12 22:27:30.630] [17392] [HailoRT] [info] [queue_elements.cpp:450] [create] Created (PushQEl3yolov8s/input_layer1 | timeout: 10s)
[2026-04-12 22:27:30.630] [17392] [HailoRT] [info] [multi_io_elements.cpp:135] [create] Created (NmsPPMuxEl0YOLOV8-Post-Process | Op YOLOV8, Name: YOLOV8-Post-Process, Score threshold: 0.200, IoU threshold: 0.70, Classes: 3, Max bboxes per class: 100, Image height: 640, Image width: 640)
[2026-04-12 22:27:30.631] [17392] [HailoRT] [info] [queue_elements.cpp:942] [create] Created (MultiPushQEl0YOLOV8-Post-Process | timeout: 10s)
[2026-04-12 22:27:30.631] [17392] [HailoRT] [info] [edge_elements.cpp:187] [create] Created (LastAsyncEl0NmsPPMuxEl0YOLOV8-Post-Process)
[2026-04-12 22:27:30.631] [17392] [HailoRT] [info] [pipeline.cpp:891] [print_deep_description] EntryPushQEl0yolov8s/input_layer1 | inputs: user | outputs: PreInferEl3yolov8s/input_layer1(running in thread_id: 17407)
[2026-04-12 22:27:30.631] [17392] [HailoRT] [info] [pipeline.cpp:891] [print_deep_description] PreInferEl3yolov8s/input_layer1 | inputs: EntryPushQEl0yolov8s/input_layer1[0] | outputs: PushQEl3yolov8s/input_layer1
[2026-04-12 22:27:30.631] [17392] [HailoRT] [info] [pipeline.cpp:891] [print_deep_description] PushQEl3yolov8s/input_layer1 | inputs: PreInferEl3yolov8s/input_layer1[0] | outputs: AsyncHwEl(running in thread_id: 17408)
[2026-04-12 22:27:30.631] [17392] [HailoRT] [info] [pipeline.cpp:891] [print_deep_description] AsyncHwEl | inputs: PushQEl3yolov8s/input_layer1[0] | outputs: MultiPushQEl0YOLOV8-Post-Process MultiPushQEl0YOLOV8-Post-Process MultiPushQEl0YOLOV8-Post-Process MultiPushQEl0YOLOV8-Post-Process MultiPushQEl0YOLOV8-Post-Process MultiPushQEl0YOLOV8-Post-Process
[2026-04-12 22:27:30.631] [17392] [HailoRT] [info] [pipeline.cpp:891] [print_deep_description] MultiPushQEl0YOLOV8-Post-Process | inputs: AsyncHwEl[0] AsyncHwEl[1] AsyncHwEl[2] AsyncHwEl[3] AsyncHwEl[4] AsyncHwEl[5] | outputs: NmsPPMuxEl0YOLOV8-Post-Process(running in thread_id: 17409)
[2026-04-12 22:27:30.631] [17392] [HailoRT] [info] [pipeline.cpp:891] [print_deep_description] NmsPPMuxEl0YOLOV8-Post-Process | inputs: MultiPushQEl0YOLOV8-Post-Process[0] | outputs: LastAsyncEl0NmsPPMuxEl0YOLOV8-Post-Process
[2026-04-12 22:27:30.631] [17392] [HailoRT] [info] [pipeline.cpp:891] [print_deep_description] LastAsyncEl0NmsPPMuxEl0YOLOV8-Post-Process | inputs: NmsPPMuxEl0YOLOV8-Post-Process[0] | outputs: user
[2026-04-12 22:27:30.642] [17392] [HailoRT] [info] [async_infer_runner.cpp:86] [shutdown] Pipeline was aborted. Shutting it down
[2026-04-12 22:27:30.642] [17392] [HailoRT] [info] [queue_elements.cpp:1131] [execute_deactivate] enqueue() in element MultiPushQEl0YOLOV8-Post-Process was aborted, got status = HAILO_SHUTDOWN_EVENT_SIGNALED(57)
[2026-04-12 22:27:30.642] [17392] [HailoRT] [info] [queue_elements.cpp:1131] [execute_deactivate] enqueue() in element MultiPushQEl0YOLOV8-Post-Process was aborted, got status = HAILO_SHUTDOWN_EVENT_SIGNALED(57)
[2026-04-12 22:27:30.642] [17392] [HailoRT] [info] [queue_elements.cpp:1131] [execute_deactivate] enqueue() in element MultiPushQEl0YOLOV8-Post-Process was aborted, got status = HAILO_SHUTDOWN_EVENT_SIGNALED(57)
[2026-04-12 22:27:30.642] [17392] [HailoRT] [info] [queue_elements.cpp:1131] [execute_deactivate] enqueue() in element MultiPushQEl0YOLOV8-Post-Process was aborted, got status = HAILO_SHUTDOWN_EVENT_SIGNALED(57)
[2026-04-12 22:27:30.642] [17392] [HailoRT] [info] [queue_elements.cpp:1131] [execute_deactivate] enqueue() in element MultiPushQEl0YOLOV8-Post-Process was aborted, got status = HAILO_SHUTDOWN_EVENT_SIGNALED(57)
[2026-04-12 22:27:30.642] [17392] [HailoRT] [info] [queue_elements.cpp:1131] [execute_deactivate] enqueue() in element MultiPushQEl0YOLOV8-Post-Process was aborted, got status = HAILO_SHUTDOWN_EVENT_SIGNALED(57)
[2026-04-12 22:27:30.642] [17392] [HailoRT] [info] [queue_elements.cpp:570] [execute_deactivate] enqueue() in element PushQEl3yolov8s/input_layer1 was aborted, got status = HAILO_SHUTDOWN_EVENT_SIGNALED(57)
[2026-04-12 22:27:30.642] [17392] [HailoRT] [info] [queue_elements.cpp:570] [execute_deactivate] enqueue() in element EntryPushQEl0yolov8s/input_layer1 was aborted, got status = HAILO_SHUTDOWN_EVENT_SIGNALED(57)
[2026-04-12 22:27:30.642] [17392] [HailoRT] [info] [queue_elements.cpp:46] [~BaseQueueElement] Queue element EntryPushQEl0yolov8s/input_layer1 has 0 frames in his Queue on destruction
[2026-04-12 22:27:30.642] [17392] [HailoRT] [info] [queue_elements.cpp:46] [~BaseQueueElement] Queue element PushQEl3yolov8s/input_layer1 has 0 frames in his Queue on destruction
[2026-04-12 22:32:16.229] [20298] [HailoRT] [info] [device.cpp:51] [Device] OS Version: Linux 6.12.47+rpt-rpi-2712 #1 SMP PREEMPT Debian 1:6.12.47-1+rpt1 (2025-09-16) aarch64
[2026-04-12 22:32:16.229] [20298] [HailoRT] [info] [control.cpp:113] [control__parse_identify_results] firmware_version is: 4.23.0
[2026-04-12 22:32:16.229] [20298] [HailoRT] [info] [control.cpp:113] [control__parse_identify_results] firmware_version is: 4.23.0
[2026-04-12 22:32:16.267] [20295] [HailoRT] [info] [vdevice.cpp:535] [create] Creating vdevice with params: device_count: 1, scheduling_algorithm: ROUND_ROBIN, multi_process_service: false
[2026-04-12 22:32:16.277] [20295] [HailoRT] [info] [device.cpp:51] [Device] OS Version: Linux 6.12.47+rpt-rpi-2712 #1 SMP PREEMPT Debian 1:6.12.47-1+rpt1 (2025-09-16) aarch64
[2026-04-12 22:32:16.277] [20295] [HailoRT] [info] [control.cpp:113] [control__parse_identify_results] firmware_version is: 4.23.0
[2026-04-12 22:32:16.277] [20295] [HailoRT] [info] [vdevice.cpp:682] [create] VDevice Infos: 0001:01:00.0
[2026-04-12 22:32:16.281] [20295] [HailoRT] [info] [hef.cpp:1994] [get_network_group_and_network_name] No name was given. Addressing all networks of default network_group: yolov8s
[2026-04-12 22:32:16.281] [20295] [HailoRT] [info] [hef.cpp:1994] [get_network_group_and_network_name] No name was given. Addressing all networks of default network_group: yolov8s
[2026-04-12 22:32:16.281] [20295] [HailoRT] [info] [hef.cpp:1994] [get_network_group_and_network_name] No name was given. Addressing all networks of default network_group: yolov8s
[2026-04-12 22:32:16.286] [20295] [HailoRT] [info] [internal_buffer_manager.cpp:75] [print_execution_results] Default Internal buffer planner failed to meet requirements
[2026-04-12 22:32:16.286] [20295] [HailoRT] [info] [internal_buffer_manager.cpp:86] [print_execution_results] Default Internal buffer planner executed successfully
[2026-04-12 22:32:16.297] [20295] [HailoRT] [info] [device_internal.cpp:57] [configure] Configuring HEF took 16.04419 milliseconds
[2026-04-12 22:32:16.297] [20295] [HailoRT] [info] [vdevice.cpp:780] [configure] Configuring HEF on VDevice took 16.360318 milliseconds
[2026-04-12 22:32:16.297] [20295] [HailoRT] [info] [infer_model.cpp:417] [configure] Configuring network group 'yolov8s' with params: batch size: 1, power mode: PERFORMANCE, latency: NONE
[2026-04-12 22:32:16.297] [20295] [HailoRT] [info] [multi_io_elements.cpp:754] [create] Created (AsyncHwEl)
[2026-04-12 22:32:16.298] [20295] [HailoRT] [info] [queue_elements.cpp:450] [create] Created (EntryPushQEl0yolov8s/input_layer1 | timeout: 10s)
[2026-04-12 22:32:16.298] [20295] [HailoRT] [info] [filter_elements.cpp:101] [create] Created (PreInferEl3yolov8s/input_layer1 | Reorder - src_order: NHWC, src_shape: (640, 640, 3), dst_order: NHCW, dst_shape: (640, 640, 3))
[2026-04-12 22:32:16.298] [20295] [HailoRT] [info] [queue_elements.cpp:450] [create] Created (PushQEl3yolov8s/input_layer1 | timeout: 10s)
[2026-04-12 22:32:16.298] [20295] [HailoRT] [info] [multi_io_elements.cpp:135] [create] Created (NmsPPMuxEl0YOLOV8-Post-Process | Op YOLOV8, Name: YOLOV8-Post-Process, Score threshold: 0.200, IoU threshold: 0.70, Classes: 3, Max bboxes per class: 100, Image height: 640, Image width: 640)
[2026-04-12 22:32:16.298] [20295] [HailoRT] [info] [queue_elements.cpp:942] [create] Created (MultiPushQEl0YOLOV8-Post-Process | timeout: 10s)
[2026-04-12 22:32:16.298] [20295] [HailoRT] [info] [edge_elements.cpp:187] [create] Created (LastAsyncEl0NmsPPMuxEl0YOLOV8-Post-Process)
[2026-04-12 22:32:16.298] [20295] [HailoRT] [info] [pipeline.cpp:891] [print_deep_description] EntryPushQEl0yolov8s/input_layer1 | inputs: user | outputs: PreInferEl3yolov8s/input_layer1(running in thread_id: 20310)
[2026-04-12 22:32:16.298] [20295] [HailoRT] [info] [pipeline.cpp:891] [print_deep_description] PreInferEl3yolov8s/input_layer1 | inputs: EntryPushQEl0yolov8s/input_layer1[0] | outputs: PushQEl3yolov8s/input_layer1
[2026-04-12 22:32:16.298] [20295] [HailoRT] [info] [pipeline.cpp:891] [print_deep_description] PushQEl3yolov8s/input_layer1 | inputs: PreInferEl3yolov8s/input_layer1[0] | outputs: AsyncHwEl(running in thread_id: 20311)
[2026-04-12 22:32:16.298] [20295] [HailoRT] [info] [pipeline.cpp:891] [print_deep_description] AsyncHwEl | inputs: PushQEl3yolov8s/input_layer1[0] | outputs: MultiPushQEl0YOLOV8-Post-Process MultiPushQEl0YOLOV8-Post-Process MultiPushQEl0YOLOV8-Post-Process MultiPushQEl0YOLOV8-Post-Process MultiPushQEl0YOLOV8-Post-Process MultiPushQEl0YOLOV8-Post-Process
[2026-04-12 22:32:16.298] [20295] [HailoRT] [info] [pipeline.cpp:891] [print_deep_description] MultiPushQEl0YOLOV8-Post-Process | inputs: AsyncHwEl[0] AsyncHwEl[1] AsyncHwEl[2] AsyncHwEl[3] AsyncHwEl[4] AsyncHwEl[5] | outputs: NmsPPMuxEl0YOLOV8-Post-Process(running in thread_id: 20312)
[2026-04-12 22:32:16.298] [20295] [HailoRT] [info] [pipeline.cpp:891] [print_deep_description] NmsPPMuxEl0YOLOV8-Post-Process | inputs: MultiPushQEl0YOLOV8-Post-Process[0] | outputs: LastAsyncEl0NmsPPMuxEl0YOLOV8-Post-Process
[2026-04-12 22:32:16.298] [20295] [HailoRT] [info] [pipeline.cpp:891] [print_deep_description] LastAsyncEl0NmsPPMuxEl0YOLOV8-Post-Process | inputs: NmsPPMuxEl0YOLOV8-Post-Process[0] | outputs: user
[2026-04-12 22:32:16.310] [20295] [HailoRT] [info] [async_infer_runner.cpp:86] [shutdown] Pipeline was aborted. Shutting it down
[2026-04-12 22:32:16.310] [20295] [HailoRT] [info] [queue_elements.cpp:1131] [execute_deactivate] enqueue() in element MultiPushQEl0YOLOV8-Post-Process was aborted, got status = HAILO_SHUTDOWN_EVENT_SIGNALED(57)
[2026-04-12 22:32:16.310] [20295] [HailoRT] [info] [queue_elements.cpp:1131] [execute_deactivate] enqueue() in element MultiPushQEl0YOLOV8-Post-Process was aborted, got status = HAILO_SHUTDOWN_EVENT_SIGNALED(57)
[2026-04-12 22:32:16.310] [20295] [HailoRT] [info] [queue_elements.cpp:1131] [execute_deactivate] enqueue() in element MultiPushQEl0YOLOV8-Post-Process was aborted, got status = HAILO_SHUTDOWN_EVENT_SIGNALED(57)
[2026-04-12 22:32:16.310] [20295] [HailoRT] [info] [queue_elements.cpp:1131] [execute_deactivate] enqueue() in element MultiPushQEl0YOLOV8-Post-Process was aborted, got status = HAILO_SHUTDOWN_EVENT_SIGNALED(57)
[2026-04-12 22:32:16.310] [20295] [HailoRT] [info] [queue_elements.cpp:1131] [execute_deactivate] enqueue() in element MultiPushQEl0YOLOV8-Post-Process was aborted, got status = HAILO_SHUTDOWN_EVENT_SIGNALED(57)
[2026-04-12 22:32:16.310] [20295] [HailoRT] [info] [queue_elements.cpp:1131] [execute_deactivate] enqueue() in element MultiPushQEl0YOLOV8-Post-Process was aborted, got status = HAILO_SHUTDOWN_EVENT_SIGNALED(57)
[2026-04-12 22:32:16.310] [20295] [HailoRT] [info] [queue_elements.cpp:570] [execute_deactivate] enqueue() in element PushQEl3yolov8s/input_layer1 was aborted, got status = HAILO_SHUTDOWN_EVENT_SIGNALED(57)
[2026-04-12 22:32:16.310] [20295] [HailoRT] [info] [queue_elements.cpp:570] [execute_deactivate] enqueue() in element EntryPushQEl0yolov8s/input_layer1 was aborted, got status = HAILO_SHUTDOWN_EVENT_SIGNALED(57)
[2026-04-12 22:32:16.310] [20295] [HailoRT] [info] [queue_elements.cpp:46] [~BaseQueueElement] Queue element EntryPushQEl0yolov8s/input_layer1 has 0 frames in his Queue on destruction
[2026-04-12 22:32:16.310] [20295] [HailoRT] [info] [queue_elements.cpp:46] [~BaseQueueElement] Queue element PushQEl3yolov8s/input_layer1 has 0 frames in his Queue on destruction
[2026-04-12 22:32:27.465] [20347] [HailoRT] [info] [device.cpp:51] [Device] OS Version: Linux 6.12.47+rpt-rpi-2712 #1 SMP PREEMPT Debian 1:6.12.47-1+rpt1 (2025-09-16) aarch64
[2026-04-12 22:32:27.465] [20347] [HailoRT] [info] [control.cpp:113] [control__parse_identify_results] firmware_version is: 4.23.0
[2026-04-12 22:32:27.465] [20347] [HailoRT] [info] [control.cpp:113] [control__parse_identify_results] firmware_version is: 4.23.0
[2026-04-12 22:32:31.753] [20397] [HailoRT] [info] [device.cpp:51] [Device] OS Version: Linux 6.12.47+rpt-rpi-2712 #1 SMP PREEMPT Debian 1:6.12.47-1+rpt1 (2025-09-16) aarch64
[2026-04-12 22:32:31.753] [20397] [HailoRT] [info] [control.cpp:113] [control__parse_identify_results] firmware_version is: 4.23.0
[2026-04-12 22:32:31.753] [20397] [HailoRT] [info] [control.cpp:113] [control__parse_identify_results] firmware_version is: 4.23.0
[2026-04-12 22:32:31.795] [20391] [HailoRT] [info] [vdevice.cpp:535] [create] Creating vdevice with params: device_count: 1, scheduling_algorithm: ROUND_ROBIN, multi_process_service: false
[2026-04-12 22:32:31.807] [20391] [HailoRT] [info] [device.cpp:51] [Device] OS Version: Linux 6.12.47+rpt-rpi-2712 #1 SMP PREEMPT Debian 1:6.12.47-1+rpt1 (2025-09-16) aarch64
[2026-04-12 22:32:31.808] [20391] [HailoRT] [info] [control.cpp:113] [control__parse_identify_results] firmware_version is: 4.23.0
[2026-04-12 22:32:31.808] [20391] [HailoRT] [info] [vdevice.cpp:682] [create] VDevice Infos: 0001:01:00.0
[2026-04-12 22:32:31.811] [20391] [HailoRT] [info] [hef.cpp:1994] [get_network_group_and_network_name] No name was given. Addressing all networks of default network_group: yolov8s
[2026-04-12 22:32:31.811] [20391] [HailoRT] [info] [hef.cpp:1994] [get_network_group_and_network_name] No name was given. Addressing all networks of default network_group: yolov8s
[2026-04-12 22:32:31.811] [20391] [HailoRT] [info] [hef.cpp:1994] [get_network_group_and_network_name] No name was given. Addressing all networks of default network_group: yolov8s
[2026-04-12 22:32:31.817] [20391] [HailoRT] [info] [internal_buffer_manager.cpp:75] [print_execution_results] Default Internal buffer planner failed to meet requirements
[2026-04-12 22:32:31.817] [20391] [HailoRT] [info] [internal_buffer_manager.cpp:86] [print_execution_results] Default Internal buffer planner executed successfully
[2026-04-12 22:32:31.828] [20391] [HailoRT] [info] [device_internal.cpp:57] [configure] Configuring HEF took 15.953675 milliseconds
[2026-04-12 22:32:31.828] [20391] [HailoRT] [info] [vdevice.cpp:780] [configure] Configuring HEF on VDevice took 16.27734 milliseconds
[2026-04-12 22:32:31.828] [20391] [HailoRT] [info] [infer_model.cpp:417] [configure] Configuring network group 'yolov8s' with params: batch size: 1, power mode: PERFORMANCE, latency: NONE
[2026-04-12 22:32:31.828] [20391] [HailoRT] [info] [multi_io_elements.cpp:754] [create] Created (AsyncHwEl)
[2026-04-12 22:32:31.828] [20391] [HailoRT] [info] [queue_elements.cpp:450] [create] Created (EntryPushQEl0yolov8s/input_layer1 | timeout: 10s)
[2026-04-12 22:32:31.828] [20391] [HailoRT] [info] [filter_elements.cpp:101] [create] Created (PreInferEl3yolov8s/input_layer1 | Reorder - src_order: NHWC, src_shape: (640, 640, 3), dst_order: NHCW, dst_shape: (640, 640, 3))
[2026-04-12 22:32:31.828] [20391] [HailoRT] [info] [queue_elements.cpp:450] [create] Created (PushQEl3yolov8s/input_layer1 | timeout: 10s)
[2026-04-12 22:32:31.828] [20391] [HailoRT] [info] [multi_io_elements.cpp:135] [create] Created (NmsPPMuxEl0YOLOV8-Post-Process | Op YOLOV8, Name: YOLOV8-Post-Process, Score threshold: 0.200, IoU threshold: 0.70, Classes: 3, Max bboxes per class: 100, Image height: 640, Image width: 640)
[2026-04-12 22:32:31.829] [20391] [HailoRT] [info] [queue_elements.cpp:942] [create] Created (MultiPushQEl0YOLOV8-Post-Process | timeout: 10s)
[2026-04-12 22:32:31.829] [20391] [HailoRT] [info] [edge_elements.cpp:187] [create] Created (LastAsyncEl0NmsPPMuxEl0YOLOV8-Post-Process)
[2026-04-12 22:32:31.829] [20391] [HailoRT] [info] [pipeline.cpp:891] [print_deep_description] EntryPushQEl0yolov8s/input_layer1 | inputs: user | outputs: PreInferEl3yolov8s/input_layer1(running in thread_id: 20409)
[2026-04-12 22:32:31.829] [20391] [HailoRT] [info] [pipeline.cpp:891] [print_deep_description] PreInferEl3yolov8s/input_layer1 | inputs: EntryPushQEl0yolov8s/input_layer1[0] | outputs: PushQEl3yolov8s/input_layer1
[2026-04-12 22:32:31.829] [20391] [HailoRT] [info] [pipeline.cpp:891] [print_deep_description] PushQEl3yolov8s/input_layer1 | inputs: PreInferEl3yolov8s/input_layer1[0] | outputs: AsyncHwEl(running in thread_id: 20410)
[2026-04-12 22:32:31.829] [20391] [HailoRT] [info] [pipeline.cpp:891] [print_deep_description] AsyncHwEl | inputs: PushQEl3yolov8s/input_layer1[0] | outputs: MultiPushQEl0YOLOV8-Post-Process MultiPushQEl0YOLOV8-Post-Process MultiPushQEl0YOLOV8-Post-Process MultiPushQEl0YOLOV8-Post-Process MultiPushQEl0YOLOV8-Post-Process MultiPushQEl0YOLOV8-Post-Process
[2026-04-12 22:32:31.829] [20391] [HailoRT] [info] [pipeline.cpp:891] [print_deep_description] MultiPushQEl0YOLOV8-Post-Process | inputs: AsyncHwEl[0] AsyncHwEl[1] AsyncHwEl[2] AsyncHwEl[3] AsyncHwEl[4] AsyncHwEl[5] | outputs: NmsPPMuxEl0YOLOV8-Post-Process(running in thread_id: 20411)
[2026-04-12 22:32:31.829] [20391] [HailoRT] [info] [pipeline.cpp:891] [print_deep_description] NmsPPMuxEl0YOLOV8-Post-Process | inputs: MultiPushQEl0YOLOV8-Post-Process[0] | outputs: LastAsyncEl0NmsPPMuxEl0YOLOV8-Post-Process
[2026-04-12 22:32:31.829] [20391] [HailoRT] [info] [pipeline.cpp:891] [print_deep_description] LastAsyncEl0NmsPPMuxEl0YOLOV8-Post-Process | inputs: NmsPPMuxEl0YOLOV8-Post-Process[0] | outputs: user
[2026-04-12 22:32:31.840] [20391] [HailoRT] [info] [async_infer_runner.cpp:86] [shutdown] Pipeline was aborted. Shutting it down
[2026-04-12 22:32:31.840] [20391] [HailoRT] [info] [queue_elements.cpp:1131] [execute_deactivate] enqueue() in element MultiPushQEl0YOLOV8-Post-Process was aborted, got status = HAILO_SHUTDOWN_EVENT_SIGNALED(57)
[2026-04-12 22:32:31.840] [20391] [HailoRT] [info] [queue_elements.cpp:1131] [execute_deactivate] enqueue() in element MultiPushQEl0YOLOV8-Post-Process was aborted, got status = HAILO_SHUTDOWN_EVENT_SIGNALED(57)
[2026-04-12 22:32:31.840] [20391] [HailoRT] [info] [queue_elements.cpp:1131] [execute_deactivate] enqueue() in element MultiPushQEl0YOLOV8-Post-Process was aborted, got status = HAILO_SHUTDOWN_EVENT_SIGNALED(57)
[2026-04-12 22:32:31.840] [20391] [HailoRT] [info] [queue_elements.cpp:1131] [execute_deactivate] enqueue() in element MultiPushQEl0YOLOV8-Post-Process was aborted, got status = HAILO_SHUTDOWN_EVENT_SIGNALED(57)
[2026-04-12 22:32:31.840] [20391] [HailoRT] [info] [queue_elements.cpp:1131] [execute_deactivate] enqueue() in element MultiPushQEl0YOLOV8-Post-Process was aborted, got status = HAILO_SHUTDOWN_EVENT_SIGNALED(57)
[2026-04-12 22:32:31.840] [20391] [HailoRT] [info] [queue_elements.cpp:1131] [execute_deactivate] enqueue() in element MultiPushQEl0YOLOV8-Post-Process was aborted, got status = HAILO_SHUTDOWN_EVENT_SIGNALED(57)
[2026-04-12 22:32:31.840] [20391] [HailoRT] [info] [queue_elements.cpp:570] [execute_deactivate] enqueue() in element PushQEl3yolov8s/input_layer1 was aborted, got status = HAILO_SHUTDOWN_EVENT_SIGNALED(57)
[2026-04-12 22:32:31.840] [20391] [HailoRT] [info] [queue_elements.cpp:570] [execute_deactivate] enqueue() in element EntryPushQEl0yolov8s/input_layer1 was aborted, got status = HAILO_SHUTDOWN_EVENT_SIGNALED(57)
[2026-04-12 22:32:31.840] [20391] [HailoRT] [info] [queue_elements.cpp:46] [~BaseQueueElement] Queue element EntryPushQEl0yolov8s/input_layer1 has 0 frames in his Queue on destruction
[2026-04-12 22:32:31.840] [20391] [HailoRT] [info] [queue_elements.cpp:46] [~BaseQueueElement] Queue element PushQEl3yolov8s/input_layer1 has 0 frames in his Queue on destruction
[2026-04-12 22:33:40.185] [20459] [HailoRT] [info] [device.cpp:51] [Device] OS Version: Linux 6.12.47+rpt-rpi-2712 #1 SMP PREEMPT Debian 1:6.12.47-1+rpt1 (2025-09-16) aarch64
[2026-04-12 22:33:40.185] [20459] [HailoRT] [info] [control.cpp:113] [control__parse_identify_results] firmware_version is: 4.23.0
[2026-04-12 22:33:40.185] [20459] [HailoRT] [info] [control.cpp:113] [control__parse_identify_results] firmware_version is: 4.23.0
[2026-04-12 22:33:40.255] [20456] [HailoRT] [info] [vdevice.cpp:535] [create] Creating vdevice with params: device_count: 1, scheduling_algorithm: ROUND_ROBIN, multi_process_service: false
[2026-04-12 22:33:40.268] [20456] [HailoRT] [info] [device.cpp:51] [Device] OS Version: Linux 6.12.47+rpt-rpi-2712 #1 SMP PREEMPT Debian 1:6.12.47-1+rpt1 (2025-09-16) aarch64
[2026-04-12 22:33:40.268] [20456] [HailoRT] [info] [control.cpp:113] [control__parse_identify_results] firmware_version is: 4.23.0
[2026-04-12 22:33:40.268] [20456] [HailoRT] [info] [vdevice.cpp:682] [create] VDevice Infos: 0001:01:00.0
[2026-04-12 22:33:40.272] [20456] [HailoRT] [info] [hef.cpp:1994] [get_network_group_and_network_name] No name was given. Addressing all networks of default network_group: yolov8s
[2026-04-12 22:33:40.272] [20456] [HailoRT] [info] [hef.cpp:1994] [get_network_group_and_network_name] No name was given. Addressing all networks of default network_group: yolov8s
[2026-04-12 22:33:40.272] [20456] [HailoRT] [info] [hef.cpp:1994] [get_network_group_and_network_name] No name was given. Addressing all networks of default network_group: yolov8s
[2026-04-12 22:33:40.277] [20456] [HailoRT] [info] [internal_buffer_manager.cpp:75] [print_execution_results] Default Internal buffer planner failed to meet requirements
[2026-04-12 22:33:40.277] [20456] [HailoRT] [info] [internal_buffer_manager.cpp:86] [print_execution_results] Default Internal buffer planner executed successfully
[2026-04-12 22:33:40.288] [20456] [HailoRT] [info] [device_internal.cpp:57] [configure] Configuring HEF took 15.748592 milliseconds
[2026-04-12 22:33:40.288] [20456] [HailoRT] [info] [vdevice.cpp:780] [configure] Configuring HEF on VDevice took 16.06759 milliseconds
[2026-04-12 22:33:40.288] [20456] [HailoRT] [info] [infer_model.cpp:417] [configure] Configuring network group 'yolov8s' with params: batch size: 1, power mode: PERFORMANCE, latency: NONE
[2026-04-12 22:33:40.288] [20456] [HailoRT] [info] [multi_io_elements.cpp:754] [create] Created (AsyncHwEl)
[2026-04-12 22:33:40.288] [20456] [HailoRT] [info] [queue_elements.cpp:450] [create] Created (EntryPushQEl0yolov8s/input_layer1 | timeout: 10s)
[2026-04-12 22:33:40.288] [20456] [HailoRT] [info] [filter_elements.cpp:101] [create] Created (PreInferEl3yolov8s/input_layer1 | Reorder - src_order: NHWC, src_shape: (640, 640, 3), dst_order: NHCW, dst_shape: (640, 640, 3))
[2026-04-12 22:33:40.288] [20456] [HailoRT] [info] [queue_elements.cpp:450] [create] Created (PushQEl3yolov8s/input_layer1 | timeout: 10s)
[2026-04-12 22:33:40.288] [20456] [HailoRT] [info] [multi_io_elements.cpp:135] [create] Created (NmsPPMuxEl0YOLOV8-Post-Process | Op YOLOV8, Name: YOLOV8-Post-Process, Score threshold: 0.200, IoU threshold: 0.70, Classes: 3, Max bboxes per class: 100, Image height: 640, Image width: 640)
[2026-04-12 22:33:40.289] [20456] [HailoRT] [info] [queue_elements.cpp:942] [create] Created (MultiPushQEl0YOLOV8-Post-Process | timeout: 10s)
[2026-04-12 22:33:40.289] [20456] [HailoRT] [info] [edge_elements.cpp:187] [create] Created (LastAsyncEl0NmsPPMuxEl0YOLOV8-Post-Process)
[2026-04-12 22:33:40.289] [20456] [HailoRT] [info] [pipeline.cpp:891] [print_deep_description] EntryPushQEl0yolov8s/input_layer1 | inputs: user | outputs: PreInferEl3yolov8s/input_layer1(running in thread_id: 20471)
[2026-04-12 22:33:40.289] [20456] [HailoRT] [info] [pipeline.cpp:891] [print_deep_description] PreInferEl3yolov8s/input_layer1 | inputs: EntryPushQEl0yolov8s/input_layer1[0] | outputs: PushQEl3yolov8s/input_layer1
[2026-04-12 22:33:40.289] [20456] [HailoRT] [info] [pipeline.cpp:891] [print_deep_description] PushQEl3yolov8s/input_layer1 | inputs: PreInferEl3yolov8s/input_layer1[0] | outputs: AsyncHwEl(running in thread_id: 20472)
[2026-04-12 22:33:40.289] [20456] [HailoRT] [info] [pipeline.cpp:891] [print_deep_description] AsyncHwEl | inputs: PushQEl3yolov8s/input_layer1[0] | outputs: MultiPushQEl0YOLOV8-Post-Process MultiPushQEl0YOLOV8-Post-Process MultiPushQEl0YOLOV8-Post-Process MultiPushQEl0YOLOV8-Post-Process MultiPushQEl0YOLOV8-Post-Process MultiPushQEl0YOLOV8-Post-Process
[2026-04-12 22:33:40.289] [20456] [HailoRT] [info] [pipeline.cpp:891] [print_deep_description] MultiPushQEl0YOLOV8-Post-Process | inputs: AsyncHwEl[0] AsyncHwEl[1] AsyncHwEl[2] AsyncHwEl[3] AsyncHwEl[4] AsyncHwEl[5] | outputs: NmsPPMuxEl0YOLOV8-Post-Process(running in thread_id: 20473)
[2026-04-12 22:33:40.289] [20456] [HailoRT] [info] [pipeline.cpp:891] [print_deep_description] NmsPPMuxEl0YOLOV8-Post-Process | inputs: MultiPushQEl0YOLOV8-Post-Process[0] | outputs: LastAsyncEl0NmsPPMuxEl0YOLOV8-Post-Process
[2026-04-12 22:33:40.289] [20456] [HailoRT] [info] [pipeline.cpp:891] [print_deep_description] LastAsyncEl0NmsPPMuxEl0YOLOV8-Post-Process | inputs: NmsPPMuxEl0YOLOV8-Post-Process[0] | outputs: user
[2026-04-12 22:33:40.300] [20456] [HailoRT] [info] [async_infer_runner.cpp:86] [shutdown] Pipeline was aborted. Shutting it down
[2026-04-12 22:33:40.301] [20456] [HailoRT] [info] [queue_elements.cpp:1131] [execute_deactivate] enqueue() in element MultiPushQEl0YOLOV8-Post-Process was aborted, got status = HAILO_SHUTDOWN_EVENT_SIGNALED(57)
[2026-04-12 22:33:40.301] [20456] [HailoRT] [info] [queue_elements.cpp:1131] [execute_deactivate] enqueue() in element MultiPushQEl0YOLOV8-Post-Process was aborted, got status = HAILO_SHUTDOWN_EVENT_SIGNALED(57)
[2026-04-12 22:33:40.301] [20456] [HailoRT] [info] [queue_elements.cpp:1131] [execute_deactivate] enqueue() in element MultiPushQEl0YOLOV8-Post-Process was aborted, got status = HAILO_SHUTDOWN_EVENT_SIGNALED(57)
[2026-04-12 22:33:40.301] [20456] [HailoRT] [info] [queue_elements.cpp:1131] [execute_deactivate] enqueue() in element MultiPushQEl0YOLOV8-Post-Process was aborted, got status = HAILO_SHUTDOWN_EVENT_SIGNALED(57)
[2026-04-12 22:33:40.301] [20456] [HailoRT] [info] [queue_elements.cpp:1131] [execute_deactivate] enqueue() in element MultiPushQEl0YOLOV8-Post-Process was aborted, got status = HAILO_SHUTDOWN_EVENT_SIGNALED(57)
[2026-04-12 22:33:40.301] [20456] [HailoRT] [info] [queue_elements.cpp:1131] [execute_deactivate] enqueue() in element MultiPushQEl0YOLOV8-Post-Process was aborted, got status = HAILO_SHUTDOWN_EVENT_SIGNALED(57)
[2026-04-12 22:33:40.301] [20456] [HailoRT] [info] [queue_elements.cpp:570] [execute_deactivate] enqueue() in element PushQEl3yolov8s/input_layer1 was aborted, got status = HAILO_SHUTDOWN_EVENT_SIGNALED(57)
[2026-04-12 22:33:40.301] [20456] [HailoRT] [info] [queue_elements.cpp:570] [execute_deactivate] enqueue() in element EntryPushQEl0yolov8s/input_layer1 was aborted, got status = HAILO_SHUTDOWN_EVENT_SIGNALED(57)
[2026-04-12 22:33:40.301] [20456] [HailoRT] [info] [queue_elements.cpp:46] [~BaseQueueElement] Queue element EntryPushQEl0yolov8s/input_layer1 has 0 frames in his Queue on destruction
[2026-04-12 22:33:40.301] [20456] [HailoRT] [info] [queue_elements.cpp:46] [~BaseQueueElement] Queue element PushQEl3yolov8s/input_layer1 has 0 frames in his Queue on destruction
[2026-04-12 22:34:50.953] [20788] [HailoRT] [info] [device.cpp:51] [Device] OS Version: Linux 6.12.47+rpt-rpi-2712 #1 SMP PREEMPT Debian 1:6.12.47-1+rpt1 (2025-09-16) aarch64
[2026-04-12 22:34:50.953] [20788] [HailoRT] [info] [control.cpp:113] [control__parse_identify_results] firmware_version is: 4.23.0
[2026-04-12 22:34:50.953] [20788] [HailoRT] [info] [control.cpp:113] [control__parse_identify_results] firmware_version is: 4.23.0
[2026-04-12 22:34:50.998] [20785] [HailoRT] [info] [vdevice.cpp:535] [create] Creating vdevice with params: device_count: 1, scheduling_algorithm: ROUND_ROBIN, multi_process_service: false
[2026-04-12 22:34:51.009] [20785] [HailoRT] [info] [device.cpp:51] [Device] OS Version: Linux 6.12.47+rpt-rpi-2712 #1 SMP PREEMPT Debian 1:6.12.47-1+rpt1 (2025-09-16) aarch64
[2026-04-12 22:34:51.009] [20785] [HailoRT] [info] [control.cpp:113] [control__parse_identify_results] firmware_version is: 4.23.0
[2026-04-12 22:34:51.009] [20785] [HailoRT] [info] [vdevice.cpp:682] [create] VDevice Infos: 0001:01:00.0
[2026-04-12 22:34:51.013] [20785] [HailoRT] [info] [hef.cpp:1994] [get_network_group_and_network_name] No name was given. Addressing all networks of default network_group: yolov8s
[2026-04-12 22:34:51.013] [20785] [HailoRT] [info] [hef.cpp:1994] [get_network_group_and_network_name] No name was given. Addressing all networks of default network_group: yolov8s
[2026-04-12 22:34:51.013] [20785] [HailoRT] [info] [hef.cpp:1994] [get_network_group_and_network_name] No name was given. Addressing all networks of default network_group: yolov8s
[2026-04-12 22:34:51.019] [20785] [HailoRT] [info] [internal_buffer_manager.cpp:75] [print_execution_results] Default Internal buffer planner failed to meet requirements
[2026-04-12 22:34:51.019] [20785] [HailoRT] [info] [internal_buffer_manager.cpp:86] [print_execution_results] Default Internal buffer planner executed successfully
[2026-04-12 22:34:51.030] [20785] [HailoRT] [info] [device_internal.cpp:57] [configure] Configuring HEF took 16.630742 milliseconds
[2026-04-12 22:34:51.030] [20785] [HailoRT] [info] [vdevice.cpp:780] [configure] Configuring HEF on VDevice took 16.945592 milliseconds
[2026-04-12 22:34:51.030] [20785] [HailoRT] [info] [infer_model.cpp:417] [configure] Configuring network group 'yolov8s' with params: batch size: 1, power mode: PERFORMANCE, latency: NONE
[2026-04-12 22:34:51.030] [20785] [HailoRT] [info] [multi_io_elements.cpp:754] [create] Created (AsyncHwEl)
[2026-04-12 22:34:51.030] [20785] [HailoRT] [info] [queue_elements.cpp:450] [create] Created (EntryPushQEl0yolov8s/input_layer1 | timeout: 10s)
[2026-04-12 22:34:51.030] [20785] [HailoRT] [info] [filter_elements.cpp:101] [create] Created (PreInferEl3yolov8s/input_layer1 | Reorder - src_order: NHWC, src_shape: (640, 640, 3), dst_order: NHCW, dst_shape: (640, 640, 3))
[2026-04-12 22:34:51.031] [20785] [HailoRT] [info] [queue_elements.cpp:450] [create] Created (PushQEl3yolov8s/input_layer1 | timeout: 10s)
[2026-04-12 22:34:51.031] [20785] [HailoRT] [info] [multi_io_elements.cpp:135] [create] Created (NmsPPMuxEl0YOLOV8-Post-Process | Op YOLOV8, Name: YOLOV8-Post-Process, Score threshold: 0.200, IoU threshold: 0.70, Classes: 3, Max bboxes per class: 100, Image height: 640, Image width: 640)
[2026-04-12 22:34:51.031] [20785] [HailoRT] [info] [queue_elements.cpp:942] [create] Created (MultiPushQEl0YOLOV8-Post-Process | timeout: 10s)
[2026-04-12 22:34:51.031] [20785] [HailoRT] [info] [edge_elements.cpp:187] [create] Created (LastAsyncEl0NmsPPMuxEl0YOLOV8-Post-Process)
[2026-04-12 22:34:51.031] [20785] [HailoRT] [info] [pipeline.cpp:891] [print_deep_description] EntryPushQEl0yolov8s/input_layer1 | inputs: user | outputs: PreInferEl3yolov8s/input_layer1(running in thread_id: 20800)
[2026-04-12 22:34:51.031] [20785] [HailoRT] [info] [pipeline.cpp:891] [print_deep_description] PreInferEl3yolov8s/input_layer1 | inputs: EntryPushQEl0yolov8s/input_layer1[0] | outputs: PushQEl3yolov8s/input_layer1
[2026-04-12 22:34:51.031] [20785] [HailoRT] [info] [pipeline.cpp:891] [print_deep_description] PushQEl3yolov8s/input_layer1 | inputs: PreInferEl3yolov8s/input_layer1[0] | outputs: AsyncHwEl(running in thread_id: 20801)
[2026-04-12 22:34:51.031] [20785] [HailoRT] [info] [pipeline.cpp:891] [print_deep_description] AsyncHwEl | inputs: PushQEl3yolov8s/input_layer1[0] | outputs: MultiPushQEl0YOLOV8-Post-Process MultiPushQEl0YOLOV8-Post-Process MultiPushQEl0YOLOV8-Post-Process MultiPushQEl0YOLOV8-Post-Process MultiPushQEl0YOLOV8-Post-Process MultiPus[2026-04-12 22:35:33.136] [20914] [HailoRT] [info] [device.cpp:51] [Device] OS Version: Linux 6.12.47+rpt-rpi-2712 #1 SMP PREEMPT Debian 1:6.12.47-1+rpt1 (2025-09-16) aarch64
[2026-04-12 22:35:33.137] [20914] [HailoRT] [info] [control.cpp:113] [control__parse_identify_results] firmware_version is: 4.23.0
[2026-04-12 22:35:33.137] [20914] [HailoRT] [info] [control.cpp:113] [control__parse_identify_results] firmware_version is: 4.23.0
[2026-04-12 22:35:38.904] [20924] [HailoRT] [info] [device.cpp:51] [Device] OS Version: Linux 6.12.47+rpt-rpi-2712 #1 SMP PREEMPT Debian 1:6.12.47-1+rpt1 (2025-09-16) aarch64
[2026-04-12 22:35:38.904] [20924] [HailoRT] [info] [control.cpp:113] [control__parse_identify_results] firmware_version is: 4.23.0
[2026-04-12 22:35:38.904] [20924] [HailoRT] [info] [control.cpp:113] [control__parse_identify_results] firmware_version is: 4.23.0
[2026-04-12 22:35:38.955] [20921] [HailoRT] [info] [vdevice.cpp:535] [create] Creating vdevice with params: device_count: 1, scheduling_algorithm: ROUND_ROBIN, multi_process_service: false
[2026-04-12 22:35:38.967] [20921] [HailoRT] [info] [device.cpp:51] [Device] OS Version: Linux 6.12.47+rpt-rpi-2712 #1 SMP PREEMPT Debian 1:6.12.47-1+rpt1 (2025-09-16) aarch64
[2026-04-12 22:35:38.967] [20921] [HailoRT] [info] [control.cpp:113] [control__parse_identify_results] firmware_version is: 4.23.0
[2026-04-12 22:35:38.967] [20921] [HailoRT] [info] [vdevice.cpp:682] [create] VDevice Infos: 0001:01:00.0
[2026-04-12 22:35:38.971] [20921] [HailoRT] [info] [hef.cpp:1994] [get_network_group_and_network_name] No name was given. Addressing all networks of default network_group: yolov8s
[2026-04-12 22:35:38.971] [20921] [HailoRT] [info] [hef.cpp:1994] [get_network_group_and_network_name] No name was given. Addressing all networks of default network_group: yolov8s
[2026-04-12 22:35:38.971] [20921] [HailoRT] [info] [hef.cpp:1994] [get_network_group_and_network_name] No name was given. Addressing all networks of default network_group: yolov8s
[2026-04-12 22:35:38.977] [20921] [HailoRT] [info] [internal_buffer_manager.cpp:75] [print_execution_results] Default Internal buffer planner failed to meet requirements
[2026-04-12 22:35:38.977] [20921] [HailoRT] [info] [internal_buffer_manager.cpp:86] [print_execution_results] Default Internal buffer planner executed successfully
[2026-04-12 22:35:38.988] [20921] [HailoRT] [info] [device_internal.cpp:57] [configure] Configuring HEF took 16.235157 milliseconds
[2026-04-12 22:35:38.988] [20921] [HailoRT] [info] [vdevice.cpp:780] [configure] Configuring HEF on VDevice took 16.564285 milliseconds
[2026-04-12 22:35:38.988] [20921] [HailoRT] [info] [infer_model.cpp:417] [configure] Configuring network group 'yolov8s' with params: batch size: 1, power mode: PERFORMANCE, latency: NONE
[2026-04-12 22:35:38.988] [20921] [HailoRT] [info] [multi_io_elements.cpp:754] [create] Created (AsyncHwEl)
[2026-04-12 22:35:38.988] [20921] [HailoRT] [info] [queue_elements.cpp:450] [create] Created (EntryPushQEl0yolov8s/input_layer1 | timeout: 10s)
[2026-04-12 22:35:38.988] [20921] [HailoRT] [info] [filter_elements.cpp:101] [create] Created (PreInferEl3yolov8s/input_layer1 | Reorder - src_order: NHWC, src_shape: (640, 640, 3), dst_order: NHCW, dst_shape: (640, 640, 3))
[2026-04-12 22:35:38.988] [20921] [HailoRT] [info] [queue_elements.cpp:450] [create] Created (PushQEl3yolov8s/input_layer1 | timeout: 10s)
[2026-04-12 22:35:38.988] [20921] [HailoRT] [info] [multi_io_elements.cpp:135] [create] Created (NmsPPMuxEl0YOLOV8-Post-Process | Op YOLOV8, Name: YOLOV8-Post-Process, Score threshold: 0.200, IoU threshold: 0.70, Classes: 3, Max bboxes per class: 100, Image height: 640, Image width: 640)
[2026-04-12 22:35:38.989] [20921] [HailoRT] [info] [queue_elements.cpp:942] [create] Created (MultiPushQEl0YOLOV8-Post-Process | timeout: 10s)
[2026-04-12 22:35:38.989] [20921] [HailoRT] [info] [edge_elements.cpp:187] [create] Created (LastAsyncEl0NmsPPMuxEl0YOLOV8-Post-Process)
[2026-04-12 22:35:38.989] [20921] [HailoRT] [info] [pipeline.cpp:891] [print_deep_description] EntryPushQEl0yolov8s/input_layer1 | inputs: user | outputs: PreInferEl3yolov8s/input_layer1(running in thread_id: 20936)
[2026-04-12 22:35:38.989] [20921] [HailoRT] [info] [pipeline.cpp:891] [print_deep_description] PreInferEl3yolov8s/input_layer1 | inputs: EntryPushQEl0yolov8s/input_layer1[0] | outputs: PushQEl3yolov8s/input_layer1
[2026-04-12 22:35:38.989] [20921] [HailoRT] [info] [pipeline.cpp:891] [print_deep_description] PushQEl3yolov8s/input_layer1 | inputs: PreInferEl3yolov8s/input_layer1[0] | outputs: AsyncHwEl(running in thread_id: 20937)
[2026-04-12 22:35:38.989] [20921] [HailoRT] [info] [pipeline.cpp:891] [print_deep_description] AsyncHwEl | inputs: PushQEl3yolov8s/input_layer1[0] | outputs: MultiPushQEl0YOLOV8-Post-Process MultiPushQEl0YOLOV8-Post-Process MultiPushQEl0YOLOV8-Post-Process MultiPushQEl0YOLOV8-Post-Process MultiPushQEl0YOLOV8-Post-Process MultiPushQEl0YOLOV8-Post-Process
[2026-04-12 22:35:38.989] [20921] [HailoRT] [info] [pipeline.cpp:891] [print_deep_description] MultiPushQEl0YOLOV8-Post-Process | inputs: AsyncHwEl[0] AsyncHwEl[1] AsyncHwEl[2] AsyncHwEl[3] AsyncHwEl[4] AsyncHwEl[5] | outputs: NmsPPMuxEl0YOLOV8-Post-Process(running in thread_id: 20938)
[2026-04-12 22:35:38.989] [20921] [HailoRT] [info] [pipeline.cpp:891] [print_deep_description] NmsPPMuxEl0YOLOV8-Post-Process | inputs: MultiPushQEl0YOLOV8-Post-Process[0] | outputs: LastAsyncEl0NmsPPMuxEl0YOLOV8-Post-Process
[2026-04-12 22:35:38.989] [20921] [HailoRT] [info] [pipeline.cpp:891] [print_deep_description] LastAsyncEl0NmsPPMuxEl0YOLOV8-Post-Process | inputs: NmsPPMuxEl0YOLOV8-Post-Process[0] | outputs: user
[2026-04-12 22:35:39.816] [20962] [HailoRT] [info] [hef.cpp:1994] [get_network_group_and_network_name] No name was given. Addressing all networks of default network_group: yolov8s
[2026-04-12 22:40:57.724] [20990] [HailoRT] [info] [device.cpp:51] [Device] OS Version: Linux 6.12.47+rpt-rpi-2712 #1 SMP PREEMPT Debian 1:6.12.47-1+rpt1 (2025-09-16) aarch64
[2026-04-12 22:40:57.725] [20990] [HailoRT] [info] [control.cpp:113] [control__parse_identify_results] firmware_version is: 4.23.0
[2026-04-12 22:40:57.725] [20990] [HailoRT] [info] [control.cpp:113] [control__parse_identify_results] firmware_version is: 4.23.0
[2026-04-12 22:40:57.829] [20987] [HailoRT] [info] [vdevice.cpp:535] [create] Creating vdevice with params: device_count: 1, scheduling_algorithm: ROUND_ROBIN, multi_process_service: false
[2026-04-12 22:40:57.841] [20987] [HailoRT] [info] [device.cpp:51] [Device] OS Version: Linux 6.12.47+rpt-rpi-2712 #1 SMP PREEMPT Debian 1:6.12.47-1+rpt1 (2025-09-16) aarch64
[2026-04-12 22:40:57.841] [20987] [HailoRT] [info] [control.cpp:113] [control__parse_identify_results] firmware_version is: 4.23.0
[2026-04-12 22:40:57.841] [20987] [HailoRT] [info] [vdevice.cpp:682] [create] VDevice Infos: 0001:01:00.0
[2026-04-12 22:40:57.853] [20987] [HailoRT] [info] [hef.cpp:1994] [get_network_group_and_network_name] No name was given. Addressing all networks of default network_group: yolov8m
[2026-04-12 22:40:57.853] [20987] [HailoRT] [info] [hef.cpp:1994] [get_network_group_and_network_name] No name was given. Addressing all networks of default network_group: yolov8m
[2026-04-12 22:40:57.853] [20987] [HailoRT] [info] [hef.cpp:1994] [get_network_group_and_network_name] No name was given. Addressing all networks of default network_group: yolov8m
[2026-04-12 22:40:57.859] [20987] [HailoRT] [info] [internal_buffer_manager.cpp:77] [print_execution_results] Planned internal buffer memory: CMA=0 CMA-Desc=524288 Pinned=3191296. memory to edge layer usage factor is 1
[2026-04-12 22:40:57.859] [20987] [HailoRT] [info] [internal_buffer_manager.cpp:86] [print_execution_results] Default Internal buffer planner executed successfully
[2026-04-12 22:40:57.899] [20987] [HailoRT] [info] [device_internal.cpp:57] [configure] Configuring HEF took 45.882643 milliseconds
[2026-04-12 22:40:57.899] [20987] [HailoRT] [info] [vdevice.cpp:780] [configure] Configuring HEF on VDevice took 46.19277 milliseconds
[2026-04-12 22:40:57.899] [20987] [HailoRT] [info] [infer_model.cpp:417] [configure] Configuring network group 'yolov8m' with params: batch size: 1, power mode: PERFORMANCE, latency: NONE
[2026-04-12 22:40:57.899] [20987] [HailoRT] [info] [multi_io_elements.cpp:754] [create] Created (AsyncHwEl)
[2026-04-12 22:40:57.899] [20987] [HailoRT] [info] [queue_elements.cpp:450] [create] Created (EntryPushQEl0yolov8m/input_layer1 | timeout: 10s)
[2026-04-12 22:40:57.899] [20987] [HailoRT] [info] [filter_elements.cpp:101] [create] Created (PreInferEl1yolov8m/input_layer1 | Reorder - src_order: NHWC, src_shape: (640, 640, 3), dst_order: NHCW, dst_shape: (640, 640, 3))
[2026-04-12 22:40:57.899] [20987] [HailoRT] [info] [queue_elements.cpp:450] [create] Created (PushQEl1yolov8m/input_layer1 | timeout: 10s)
[2026-04-12 22:40:57.899] [20987] [HailoRT] [info] [multi_io_elements.cpp:135] [create] Created (NmsPPMuxEl0YOLOV8-Post-Process | Op YOLOV8, Name: YOLOV8-Post-Process, Score threshold: 0.200, IoU threshold: 0.70, Classes: 80, Max bboxes per class: 100, Image height: 640, Image width: 640)
[2026-04-12 22:40:57.900] [20987] [HailoRT] [info] [queue_elements.cpp:942] [create] Created (MultiPushQEl0YOLOV8-Post-Process | timeout: 10s)
[2026-04-12 22:40:57.900] [20987] [HailoRT] [info] [edge_elements.cpp:187] [create] Created (LastAsyncEl0NmsPPMuxEl0YOLOV8-Post-Process)
[2026-04-12 22:40:57.900] [20987] [HailoRT] [info] [pipeline.cpp:891] [print_deep_description] EntryPushQEl0yolov8m/input_layer1 | inputs: user | outputs: PreInferEl1yolov8m/input_layer1(running in thread_id: 21002)
[2026-04-12 22:40:57.900] [20987] [HailoRT] [info] [pipeline.cpp:891] [print_deep_description] PreInferEl1yolov8m/input_layer1 | inputs: EntryPushQEl0yolov8m/input_layer1[0] | outputs: PushQEl1yolov8m/input_layer1
[2026-04-12 22:40:57.900] [20987] [HailoRT] [info] [pipeline.cpp:891] [print_deep_description] PushQEl1yolov8m/input_layer1 | inputs: PreInferEl1yolov8m/input_layer1[0] | outputs: AsyncHwEl(running in thread_id: 21003)
[2026-04-12 22:40:57.900] [20987] [HailoRT] [info] [pipeline.cpp:891] [print_deep_description] AsyncHwEl | inputs: PushQEl1yolov8m/input_layer1[0] | outputs: MultiPushQEl0YOLOV8-Post-Process MultiPushQEl0YOLOV8-Post-Process MultiPushQEl0YOLOV8-Post-Process MultiPushQEl0YOLOV8-Post-Process MultiPushQEl0YOLOV8-Post-Process MultiPushQEl0YOLOV8-Post-Process
[2026-04-12 22:40:57.900] [20987] [HailoRT] [info] [pipeline.cpp:891] [print_deep_description] MultiPushQEl0YOLOV8-Post-Process | inputs: AsyncHwEl[0] AsyncHwEl[1] AsyncHwEl[2] AsyncHwEl[3] AsyncHwEl[4] AsyncHwEl[5] | outputs: NmsPPMuxEl0YOLOV8-Post-Process(running in thread_id: 21004)
[2026-04-12 22:40:57.900] [20987] [HailoRT] [info] [pipeline.cpp:891] [print_deep_description] NmsPPMuxEl0YOLOV8-Post-Process | inputs: MultiPushQEl0YOLOV8-Post-Process[0] | outputs: LastAsyncEl0NmsPPMuxEl0YOLOV8-Post-Process
[2026-04-12 22:40:57.900] [20987] [HailoRT] [info] [pipeline.cpp:891] [print_deep_description] LastAsyncEl0NmsPPMuxEl0YOLOV8-Post-Process | inputs: NmsPPMuxEl0YOLOV8-Post-Process[0] | outputs: user
[2026-04-12 22:40:58.357] [21015] [HailoRT] [info] [hef.cpp:1994] [get_network_group_and_network_name] No name was given. Addressing all networks of default network_group: yolov8m
[2026-04-12 22:41:22.409] [21032] [HailoRT] [info] [device.cpp:51] [Device] OS Version: Linux 6.12.47+rpt-rpi-2712 #1 SMP PREEMPT Debian 1:6.12.47-1+rpt1 (2025-09-16) aarch64
[2026-04-12 22:41:22.409] [21032] [HailoRT] [info] [control.cpp:113] [control__parse_identify_results] firmware_version is: 4.23.0
[2026-04-12 22:41:22.409] [21032] [HailoRT] [info] [control.cpp:113] [control__parse_identify_results] firmware_version is: 4.23.0
[2026-04-12 22:41:22.451] [21029] [HailoRT] [info] [vdevice.cpp:535] [create] Creating vdevice with params: device_count: 1, scheduling_algorithm: ROUND_ROBIN, multi_process_service: false
[2026-04-12 22:41:22.461] [21029] [HailoRT] [info] [device.cpp:51] [Device] OS Version: Linux 6.12.47+rpt-rpi-2712 #1 SMP PREEMPT Debian 1:6.12.47-1+rpt1 (2025-09-16) aarch64
[2026-04-12 22:41:22.461] [21029] [HailoRT] [info] [control.cpp:113] [control__parse_identify_results] firmware_version is: 4.23.0
[2026-04-12 22:41:22.462] [21029] [HailoRT] [info] [vdevice.cpp:682] [create] VDevice Infos: 0001:01:00.0
[2026-04-12 22:41:22.467] [21029] [HailoRT] [info] [hef.cpp:1994] [get_network_group_and_network_name] No name was given. Addressing all networks of default network_group: yolov8s
[2026-04-12 22:41:22.467] [21029] [HailoRT] [info] [hef.cpp:1994] [get_network_group_and_network_name] No name was given. Addressing all networks of default network_group: yolov8s
[2026-04-12 22:41:22.467] [21029] [HailoRT] [info] [hef.cpp:1994] [get_network_group_and_network_name] No name was given. Addressing all networks of default network_group: yolov8s
[2026-04-12 22:41:22.473] [21029] [HailoRT] [info] [internal_buffer_manager.cpp:75] [print_execution_results] Default Internal buffer planner failed to meet requirements
[2026-04-12 22:41:22.473] [21029] [HailoRT] [info] [internal_buffer_manager.cpp:86] [print_execution_results] Default Internal buffer planner executed successfully
[2026-04-12 22:41:22.485] [21029] [HailoRT] [info] [device_internal.cpp:57] [configure] Configuring HEF took 17.281971 milliseconds
[2026-04-12 22:41:22.485] [21029] [HailoRT] [info] [vdevice.cpp:780] [configure] Configuring HEF on VDevice took 17.610599 milliseconds
[2026-04-12 22:41:22.485] [21029] [HailoRT] [info] [infer_model.cpp:417] [configure] Configuring network group 'yolov8s' with params: batch size: 1, power mode: PERFORMANCE, latency: NONE
[2026-04-12 22:41:22.485] [21029] [HailoRT] [info] [multi_io_elements.cpp:754] [create] Created (AsyncHwEl)
[2026-04-12 22:41:22.485] [21029] [HailoRT] [info] [queue_elements.cpp:450] [create] Created (EntryPushQEl0yolov8s/input_layer1 | timeout: 10s)
[2026-04-12 22:41:22.485] [21029] [HailoRT] [info] [filter_elements.cpp:101] [create] Created (PreInferEl3yolov8s/input_layer1 | Reorder - src_order: NHWC, src_shape: (640, 640, 3), dst_order: NHCW, dst_shape: (640, 640, 3))
[2026-04-12 22:41:22.485] [21029] [HailoRT] [info] [queue_elements.cpp:450] [create] Created (PushQEl3yolov8s/input_layer1 | timeout: 10s)
[2026-04-12 22:41:22.485] [21029] [HailoRT] [info] [multi_io_elements.cpp:135] [create] Created (NmsPPMuxEl0YOLOV8-Post-Process | Op YOLOV8, Name: YOLOV8-Post-Process, Score threshold: 0.200, IoU threshold: 0.70, Classes: 3, Max bboxes per class: 100, Image height: 640, Image width: 640)
[2026-04-12 22:41:22.486] [21029] [HailoRT] [info] [queue_elements.cpp:942] [create] Created (MultiPushQEl0YOLOV8-Post-Process | timeout: 10s)
[2026-04-12 22:41:22.486] [21029] [HailoRT] [info] [edge_elements.cpp:187] [create] Created (LastAsyncEl0NmsPPMuxEl0YOLOV8-Post-Process)
[2026-04-12 22:41:22.486] [21029] [HailoRT] [info] [pipeline.cpp:891] [print_deep_description] EntryPushQEl0yolov8s/input_layer1 | inputs: user | outputs: PreInferEl3yolov8s/input_layer1(running in thread_id: 21044)
[2026-04-12 22:41:22.486] [21029] [HailoRT] [info] [pipeline.cpp:891] [print_deep_description] PreInferEl3yolov8s/input_layer1 | inputs: EntryPushQEl0yolov8s/input_layer1[0] | outputs: PushQEl3yolov8s/input_layer1
[2026-04-12 22:41:22.486] [21029] [HailoRT] [info] [pipeline.cpp:891] [print_deep_description] PushQEl3yolov8s/input_layer1 | inputs: PreInferEl3yolov8s/input_layer1[0] | outputs: AsyncHwEl(running in thread_id: 21045)
[2026-04-12 22:41:22.486] [21029] [HailoRT] [info] [pipeline.cpp:891] [print_deep_description] AsyncHwEl | inputs: PushQEl3yolov8s/input_layer1[0] | outputs: MultiPushQEl0YOLOV8-Post-Process MultiPushQEl0YOLOV8-Post-Process MultiPushQEl0YOLOV8-Post-Process MultiPushQEl0YOLOV8-Post-Process MultiPushQEl0YOLOV8-Post-Process MultiPushQEl0YOLOV8-Post-Process
[2026-04-12 22:41:22.486] [21029] [HailoRT] [info] [pipeline.cpp:891] [print_deep_description] MultiPushQEl0YOLOV8-Post-Process | inputs: AsyncHwEl[0] AsyncHwEl[1] AsyncHwEl[2] AsyncHwEl[3] AsyncHwEl[4] AsyncHwEl[5] | outputs: NmsPPMuxEl0YOLOV8-Post-Process(running in thread_id: 21046)
[2026-04-12 22:41:22.486] [21029] [HailoRT] [info] [pipeline.cpp:891] [print_deep_description] NmsPPMuxEl0YOLOV8-Post-Process | inputs: MultiPushQEl0YOLOV8-Post-Process[0] | outputs: LastAsyncEl0NmsPPMuxEl0YOLOV8-Post-Process
[2026-04-12 22:41:22.486] [21029] [HailoRT] [info] [pipeline.cpp:891] [print_deep_description] LastAsyncEl0NmsPPMuxEl0YOLOV8-Post-Process | inputs: NmsPPMuxEl0YOLOV8-Post-Process[0] | outputs: user
[2026-04-12 22:41:22.932] [21056] [HailoRT] [info] [hef.cpp:1994] [get_network_group_and_network_name] No name was given. Addressing all networks of default network_group: yolov8s
[2026-04-12 22:44:04.425] [21435] [HailoRT] [info] [device.cpp:51] [Device] OS Version: Linux 6.12.47+rpt-rpi-2712 #1 SMP PREEMPT Debian 1:6.12.47-1+rpt1 (2025-09-16) aarch64
[2026-04-12 22:44:04.425] [21435] [HailoRT] [info] [control.cpp:113] [control__parse_identify_results] firmware_version is: 4.23.0
[2026-04-12 22:44:04.425] [21435] [HailoRT] [info] [control.cpp:113] [control__parse_identify_results] firmware_version is: 4.23.0
[2026-04-12 22:44:04.463] [21432] [HailoRT] [info] [vdevice.cpp:535] [create] Creating vdevice with params: device_count: 1, scheduling_algorithm: ROUND_ROBIN, multi_process_service: false
[2026-04-12 22:44:04.473] [21432] [HailoRT] [info] [device.cpp:51] [Device] OS Version: Linux 6.12.47+rpt-rpi-2712 #1 SMP PREEMPT Debian 1:6.12.47-1+rpt1 (2025-09-16) aarch64
[2026-04-12 22:44:04.473] [21432] [HailoRT] [info] [control.cpp:113] [control__parse_identify_results] firmware_version is: 4.23.0
[2026-04-12 22:44:04.474] [21432] [HailoRT] [info] [vdevice.cpp:682] [create] VDevice Infos: 0001:01:00.0
[2026-04-12 22:44:04.479] [21432] [HailoRT] [info] [hef.cpp:1994] [get_network_group_and_network_name] No name was given. Addressing all networks of default network_group: yolov8s
[2026-04-12 22:44:04.479] [21432] [HailoRT] [info] [hef.cpp:1994] [get_network_group_and_network_name] No name was given. Addressing all networks of default network_group: yolov8s
[2026-04-12 22:44:04.479] [21432] [HailoRT] [info] [hef.cpp:1994] [get_network_group_and_network_name] No name was given. Addressing all networks of default network_group: yolov8s
[2026-04-12 22:44:04.485] [21432] [HailoRT] [info] [internal_buffer_manager.cpp:75] [print_execution_results] Default Internal buffer planner failed to meet requirements
[2026-04-12 22:44:04.485] [21432] [HailoRT] [info] [internal_buffer_manager.cpp:86] [print_execution_results] Default Internal buffer planner executed successfully
[2026-04-12 22:44:04.495] [21432] [HailoRT] [info] [device_internal.cpp:57] [configure] Configuring HEF took 16.254483 milliseconds
[2026-04-12 22:44:04.496] [21432] [HailoRT] [info] [vdevice.cpp:780] [configure] Configuring HEF on VDevice took 16.584907 milliseconds
[2026-04-12 22:44:04.496] [21432] [HailoRT] [info] [infer_model.cpp:417] [configure] Configuring network group 'yolov8s' with params: batch size: 1, power mode: PERFORMANCE, latency: NONE
[2026-04-12 22:44:04.496] [21432] [HailoRT] [info] [multi_io_elements.cpp:754] [create] Created (AsyncHwEl)
[2026-04-12 22:44:04.496] [21432] [HailoRT] [info] [queue_elements.cpp:450] [create] Created (EntryPushQEl0yolov8s/input_layer1 | timeout: 10s)
[2026-04-12 22:44:04.496] [21432] [HailoRT] [info] [filter_elements.cpp:101] [create] Created (PreInferEl3yolov8s/input_layer1 | Reorder - src_order: NHWC, src_shape: (640, 640, 3), dst_order: NHCW, dst_shape: (640, 640, 3))
[2026-04-12 22:44:04.496] [21432] [HailoRT] [info] [queue_elements.cpp:450] [create] Created (PushQEl3yolov8s/input_layer1 | timeout: 10s)
[2026-04-12 22:44:04.496] [21432] [HailoRT] [info] [multi_io_elements.cpp:135] [create] Created (NmsPPMuxEl0YOLOV8-Post-Process | Op YOLOV8, Name: YOLOV8-Post-Process, Score threshold: 0.200, IoU threshold: 0.70, Classes: 3, Max bboxes per class: 100, Image height: 640, Image width: 640)
[2026-04-12 22:44:04.496] [21432] [HailoRT] [info] [queue_elements.cpp:942] [create] Created (MultiPushQEl0YOLOV8-Post-Process | timeout: 10s)
[2026-04-12 22:44:04.496] [21432] [HailoRT] [info] [edge_elements.cpp:187] [create] Created (LastAsyncEl0NmsPPMuxEl0YOLOV8-Post-Process)
[2026-04-12 22:44:04.496] [21432] [HailoRT] [info] [pipeline.cpp:891] [print_deep_description] EntryPushQEl0yolov8s/input_layer1 | inputs: user | outputs: PreInferEl3yolov8s/input_layer1(running in thread_id: 21447)
[2026-04-12 22:44:04.496] [21432] [HailoRT] [info] [pipeline.cpp:891] [print_deep_description] PreInferEl3yolov8s/input_layer1 | inputs: EntryPushQEl0yolov8s/input_layer1[0] | outputs: PushQEl3yolov8s/input_layer1
[2026-04-12 22:44:04.496] [21432] [HailoRT] [info] [pipeline.cpp:891] [print_deep_description] PushQEl3yolov8s/input_layer1 | inputs: PreInferEl3yolov8s/input_layer1[0] | outputs: AsyncHwEl(running in thread_id: 21448)
[2026-04-12 22:44:04.496] [21432] [HailoRT] [info] [pipeline.cpp:891] [print_deep_description] AsyncHwEl | inputs: PushQEl3yolov8s/input_layer1[0] | outputs: MultiPushQEl0YOLOV8-Post-Process MultiPushQEl0YOLOV8-Post-Process MultiPushQEl0YOLOV8-Post-Process MultiPushQEl0YOLOV8-Post-Process MultiPushQEl0YOLOV8-Post-Process MultiPushQEl0YOLOV8-Post-Process
[2026-04-12 22:44:04.496] [21432] [HailoRT] [info] [pipeline.cpp:891] [print_deep_description] MultiPushQEl0YOLOV8-Post-Process | inputs: AsyncHwEl[0] AsyncHwEl[1] AsyncHwEl[2] AsyncHwEl[3] AsyncHwEl[4] AsyncHwEl[5] | outputs: NmsPPMuxEl0YOLOV8-Post-Process(running in thread_id: 21449)
[2026-04-12 22:44:04.496] [21432] [HailoRT] [info] [pipeline.cpp:891] [print_deep_description] NmsPPMuxEl0YOLOV8-Post-Process | inputs: MultiPushQEl0YOLOV8-Post-Process[0] | outputs: LastAsyncEl0NmsPPMuxEl0YOLOV8-Post-Process
[2026-04-12 22:44:04.496] [21432] [HailoRT] [info] [pipeline.cpp:891] [print_deep_description] LastAsyncEl0NmsPPMuxEl0YOLOV8-Post-Process | inputs: NmsPPMuxEl0YOLOV8-Post-Process[0] | outputs: user
[2026-04-12 22:44:04.945] [21459] [HailoRT] [info] [hef.cpp:1994] [get_network_group_and_network_name] No name was given. Addressing all networks of default network_group: yolov8s
[2026-04-18 12:32:40.045] [2726] [HailoRT] [info] [device.cpp:51] [Device] OS Version: Linux 6.12.47+rpt-rpi-2712 #1 SMP PREEMPT Debian 1:6.12.47-1+rpt1 (2025-09-16) aarch64
[2026-04-18 12:32:40.046] [2726] [HailoRT] [info] [control.cpp:113] [control__parse_identify_results] firmware_version is: 4.23.0
[2026-04-18 12:32:40.046] [2726] [HailoRT] [info] [control.cpp:113] [control__parse_identify_results] firmware_version is: 4.23.0
[2026-04-18 12:32:40.238] [2723] [HailoRT] [info] [vdevice.cpp:535] [create] Creating vdevice with params: device_count: 1, scheduling_algorithm: ROUND_ROBIN, multi_process_service: false
[2026-04-18 12:32:40.251] [2723] [HailoRT] [info] [device.cpp:51] [Device] OS Version: Linux 6.12.47+rpt-rpi-2712 #1 SMP PREEMPT Debian 1:6.12.47-1+rpt1 (2025-09-16) aarch64
[2026-04-18 12:32:40.251] [2723] [HailoRT] [info] [control.cpp:113] [control__parse_identify_results] firmware_version is: 4.23.0
[2026-04-18 12:32:40.251] [2723] [HailoRT] [info] [vdevice.cpp:682] [create] VDevice Infos: 0001:01:00.0
[2026-04-18 12:32:40.256] [2723] [HailoRT] [info] [hef.cpp:1994] [get_network_group_and_network_name] No name was given. Addressing all networks of default network_group: yolov8s
[2026-04-18 12:32:40.256] [2723] [HailoRT] [info] [hef.cpp:1994] [get_network_group_and_network_name] No name was given. Addressing all networks of default network_group: yolov8s
[2026-04-18 12:32:40.256] [2723] [HailoRT] [info] [hef.cpp:1994] [get_network_group_and_network_name] No name was given. Addressing all networks of default network_group: yolov8s
[2026-04-18 12:32:40.265] [2723] [HailoRT] [info] [internal_buffer_manager.cpp:75] [print_execution_results] Default Internal buffer planner failed to meet requirements
[2026-04-18 12:32:40.265] [2723] [HailoRT] [info] [internal_buffer_manager.cpp:86] [print_execution_results] Default Internal buffer planner executed successfully
[2026-04-18 12:32:40.277] [2723] [HailoRT] [info] [device_internal.cpp:57] [configure] Configuring HEF took 20.280689 milliseconds
[2026-04-18 12:32:40.277] [2723] [HailoRT] [info] [vdevice.cpp:780] [configure] Configuring HEF on VDevice took 20.961245 milliseconds
[2026-04-18 12:32:40.277] [2723] [HailoRT] [info] [infer_model.cpp:417] [configure] Configuring network group 'yolov8s' with params: batch size: 1, power mode: PERFORMANCE, latency: NONE
[2026-04-18 12:32:40.277] [2723] [HailoRT] [info] [multi_io_elements.cpp:754] [create] Created (AsyncHwEl)
[2026-04-18 12:32:40.278] [2723] [HailoRT] [info] [queue_elements.cpp:450] [create] Created (EntryPushQEl0yolov8s/input_layer1 | timeout: 10s)
[2026-04-18 12:32:40.278] [2723] [HailoRT] [info] [filter_elements.cpp:101] [create] Created (PreInferEl3yolov8s/input_layer1 | Reorder - src_order: NHWC, src_shape: (640, 640, 3), dst_order: NHCW, dst_shape: (640, 640, 3))
[2026-04-18 12:32:40.278] [2723] [HailoRT] [info] [queue_elements.cpp:450] [create] Created (PushQEl3yolov8s/input_layer1 | timeout: 10s)
[2026-04-18 12:32:40.278] [2723] [HailoRT] [info] [multi_io_elements.cpp:135] [create] Created (NmsPPMuxEl0YOLOV8-Post-Process | Op YOLOV8, Name: YOLOV8-Post-Process, Score threshold: 0.200, IoU threshold: 0.70, Classes: 3, Max bboxes per class: 100, Image height: 640, Image width: 640)
[2026-04-18 12:32:40.279] [2723] [HailoRT] [info] [queue_elements.cpp:942] [create] Created (MultiPushQEl0YOLOV8-Post-Process | timeout: 10s)
[2026-04-18 12:32:40.279] [2723] [HailoRT] [info] [edge_elements.cpp:187] [create] Created (LastAsyncEl0NmsPPMuxEl0YOLOV8-Post-Process)
[2026-04-18 12:32:40.279] [2723] [HailoRT] [info] [pipeline.cpp:891] [print_deep_description] EntryPushQEl0yolov8s/input_layer1 | inputs: user | outputs: PreInferEl3yolov8s/input_layer1(running in thread_id: 2738)
[2026-04-18 12:32:40.279] [2723] [HailoRT] [info] [pipeline.cpp:891] [print_deep_description] PreInferEl3yolov8s/input_layer1 | inputs: EntryPushQEl0yolov8s/input_layer1[0] | outputs: PushQEl3yolov8s/input_layer1
[2026-04-18 12:32:40.279] [2723] [HailoRT] [info] [pipeline.cpp:891] [print_deep_description] PushQEl3yolov8s/input_layer1 | inputs: PreInferEl3yolov8s/input_layer1[0] | outputs: AsyncHwEl(running in thread_id: 2739)
[2026-04-18 12:32:40.279] [2723] [HailoRT] [info] [pipeline.cpp:891] [print_deep_description] AsyncHwEl | inputs: PushQEl3yolov8s/input_layer1[0] | outputs: MultiPushQEl0YOLOV8-Post-Process MultiPushQEl0YOLOV8-Post-Process MultiPushQEl0YOLOV8-Post-Process MultiPushQEl0YOLOV8-Post-Process MultiPushQEl0YOLOV8-Post-Process MultiPushQEl0YOLOV8-Post-Process
[2026-04-18 12:32:40.280] [2723] [HailoRT] [info] [pipeline.cpp:891] [print_deep_description] MultiPushQEl0YOLOV8-Post-Process | inputs: AsyncHwEl[0] AsyncHwEl[1] AsyncHwEl[2] AsyncHwEl[3] AsyncHwEl[4] AsyncHwEl[5] | outputs: NmsPPMuxEl0YOLOV8-Post-Process(running in thread_id: 2740)
[2026-04-18 12:32:40.280] [2723] [HailoRT] [info] [pipeline.cpp:891] [print_deep_description] NmsPPMuxEl0YOLOV8-Post-Process | inputs: MultiPushQEl0YOLOV8-Post-Process[0] | outputs: LastAsyncEl0NmsPPMuxEl0YOLOV8-Post-Process
[2026-04-18 12:32:40.280] [2723] [HailoRT] [info] [pipeline.cpp:891] [print_deep_description] LastAsyncEl0NmsPPMuxEl0YOLOV8-Post-Process | inputs: NmsPPMuxEl0YOLOV8-Post-Process[0] | outputs: user
[2026-04-18 12:32:42.153] [2763] [HailoRT] [info] [hef.cpp:1994] [get_network_group_and_network_name] No name was given. Addressing all networks of default network_group: yolov8s
[2026-04-18 12:39:10.531] [3582] [HailoRT] [info] [device.cpp:51] [Device] OS Version: Linux 6.12.47+rpt-rpi-2712 #1 SMP PREEMPT Debian 1:6.12.47-1+rpt1 (2025-09-16) aarch64
[2026-04-18 12:39:10.531] [3582] [HailoRT] [info] [control.cpp:113] [control__parse_identify_results] firmware_version is: 4.23.0
[2026-04-18 12:39:10.531] [3582] [HailoRT] [info] [control.cpp:113] [control__parse_identify_results] firmware_version is: 4.23.0
[2026-04-18 12:39:10.592] [3579] [HailoRT] [info] [vdevice.cpp:535] [create] Creating vdevice with params: device_count: 1, scheduling_algorithm: ROUND_ROBIN, multi_process_service: false
[2026-04-18 12:39:10.605] [3579] [HailoRT] [info] [device.cpp:51] [Device] OS Version: Linux 6.12.47+rpt-rpi-2712 #1 SMP PREEMPT Debian 1:6.12.47-1+rpt1 (2025-09-16) aarch64
[2026-04-18 12:39:10.605] [3579] [HailoRT] [info] [control.cpp:113] [control__parse_identify_results] firmware_version is: 4.23.0
[2026-04-18 12:39:10.605] [3579] [HailoRT] [info] [vdevice.cpp:682] [create] VDevice Infos: 0001:01:00.0
[2026-04-18 12:39:10.610] [3579] [HailoRT] [info] [hef.cpp:1994] [get_network_group_and_network_name] No name was given. Addressing all networks of default network_group: yolov8s
[2026-04-18 12:39:10.610] [3579] [HailoRT] [info] [hef.cpp:1994] [get_network_group_and_network_name] No name was given. Addressing all networks of default network_group: yolov8s
[2026-04-18 12:39:10.610] [3579] [HailoRT] [info] [hef.cpp:1994] [get_network_group_and_network_name] No name was given. Addressing all networks of default network_group: yolov8s
[2026-04-18 12:39:10.619] [3579] [HailoRT] [info] [internal_buffer_manager.cpp:75] [print_execution_results] Default Internal buffer planner failed to meet requirements
[2026-04-18 12:39:10.619] [3579] [HailoRT] [info] [internal_buffer_manager.cpp:86] [print_execution_results] Default Internal buffer planner executed successfully
[2026-04-18 12:39:10.630] [3579] [HailoRT] [info] [device_internal.cpp:57] [configure] Configuring HEF took 19.609642 milliseconds
[2026-04-18 12:39:10.630] [3579] [HailoRT] [info] [vdevice.cpp:780] [configure] Configuring HEF on VDevice took 19.930507 milliseconds
[2026-04-18 12:39:10.630] [3579] [HailoRT] [info] [infer_model.cpp:417] [configure] Configuring network group 'yolov8s' with params: batch size: 1, power mode: PERFORMANCE, latency: NONE
[2026-04-18 12:39:10.630] [3579] [HailoRT] [info] [multi_io_elements.cpp:754] [create] Created (AsyncHwEl)
[2026-04-18 12:39:10.630] [3579] [HailoRT] [info] [queue_elements.cpp:450] [create] Created (EntryPushQEl0yolov8s/input_layer1 | timeout: 10s)
[2026-04-18 12:39:10.630] [3579] [HailoRT] [info] [filter_elements.cpp:101] [create] Created (PreInferEl3yolov8s/input_layer1 | Reorder - src_order: NHWC, src_shape: (640, 640, 3), dst_order: NHCW, dst_shape: (640, 640, 3))
[2026-04-18 12:39:10.630] [3579] [HailoRT] [info] [queue_elements.cpp:450] [create] Created (PushQEl3yolov8s/input_layer1 | timeout: 10s)
[2026-04-18 12:39:10.630] [3579] [HailoRT] [info] [multi_io_elements.cpp:135] [create] Created (NmsPPMuxEl0YOLOV8-Post-Process | Op YOLOV8, Name: YOLOV8-Post-Process, Score threshold: 0.200, IoU threshold: 0.70, Classes: 3, Max bboxes per class: 100, Image height: 640, Image width: 640)
[2026-04-18 12:39:10.631] [3579] [HailoRT] [info] [queue_elements.cpp:942] [create] Created (MultiPushQEl0YOLOV8-Post-Process | timeout: 10s)
[2026-04-18 12:39:10.631] [3579] [HailoRT] [info] [edge_elements.cpp:187] [create] Created (LastAsyncEl0NmsPPMuxEl0YOLOV8-Post-Process)
[2026-04-18 12:39:10.631] [3579] [HailoRT] [info] [pipeline.cpp:891] [print_deep_description] EntryPushQEl0yolov8s/input_layer1 | inputs: user | outputs: PreInferEl3yolov8s/input_layer1(running in thread_id: 3594)
[2026-04-18 12:39:10.631] [3579] [HailoRT] [info] [pipeline.cpp:891] [print_deep_description] PreInferEl3yolov8s/input_layer1 | inputs: EntryPushQEl0yolov8s/input_layer1[0] | outputs: PushQEl3yolov8s/input_layer1
[2026-04-18 12:39:10.631] [3579] [HailoRT] [info] [pipeline.cpp:891] [print_deep_description] PushQEl3yolov8s/input_layer1 | inputs: PreInferEl3yolov8s/input_layer1[0] | outputs: AsyncHwEl(running in thread_id: 3595)
[2026-04-18 12:39:10.631] [3579] [HailoRT] [info] [pipeline.cpp:891] [print_deep_description] AsyncHwEl | inputs: PushQEl3yolov8s/input_layer1[0] | outputs: MultiPushQEl0YOLOV8-Post-Process MultiPushQEl0YOLOV8-Post-Process MultiPushQEl0YOLOV8-Post-Process MultiPushQEl0YOLOV8-Post-Process MultiPushQEl0YOLOV8-Post-Process MultiPushQEl0YOLOV8-Post-Process
[2026-04-18 12:39:32.199] [3666] [HailoRT] [info] [device.cpp:51] [Device] OS Version: Linux 6.12.47+rpt-rpi-2712 #1 SMP PREEMPT Debian 1:6.12.47-1+rpt1 (2025-09-16) aarch64
[2026-04-18 12:39:32.199] [3666] [HailoRT] [info] [control.cpp:113] [control__parse_identify_results] firmware_version is: 4.23.0
[2026-04-18 12:39:32.199] [3666] [HailoRT] [info] [control.cpp:113] [control__parse_identify_results] firmware_version is: 4.23.0
[2026-04-18 12:39:32.244] [3663] [HailoRT] [info] [vdevice.cpp:535] [create] Creating vdevice with params: device_count: 1, scheduling_algorithm: ROUND_ROBIN, multi_process_service: false
[2026-04-18 12:39:32.255] [3663] [HailoRT] [info] [device.cpp:51] [Device] OS Version: Linux 6.12.47+rpt-rpi-2712 #1 SMP PREEMPT Debian 1:6.12.47-1+rpt1 (2025-09-16) aarch64
[2026-04-18 12:39:32.255] [3663] [HailoRT] [info] [control.cpp:113] [control__parse_identify_results] firmware_version is: 4.23.0
[2026-04-18 12:39:32.255] [3663] [HailoRT] [info] [vdevice.cpp:682] [create] VDevice Infos: 0001:01:00.0
[2026-04-18 12:39:32.261] [3663] [HailoRT] [info] [hef.cpp:1994] [get_network_group_and_network_name] No name was given. Addressing all networks of default network_group: yolov8s
[2026-04-18 12:39:32.261] [3663] [HailoRT] [info] [hef.cpp:1994] [get_network_group_and_network_name] No name was given. Addressing all networks of default network_group: yolov8s
[2026-04-18 12:39:32.261] [3663] [HailoRT] [info] [hef.cpp:1994] [get_network_group_and_network_name] No name was given. Addressing all networks of default network_group: yolov8s
[2026-04-18 12:39:32.271] [3663] [HailoRT] [info] [internal_buffer_manager.cpp:75] [print_execution_results] Default Internal buffer planner failed to meet requirements
[2026-04-18 12:39:32.271] [3663] [HailoRT] [info] [internal_buffer_manager.cpp:86] [print_execution_results] Default Internal buffer planner executed successfully
[2026-04-18 12:39:32.282] [3663] [HailoRT] [info] [device_internal.cpp:57] [configure] Configuring HEF took 21.005865 milliseconds
[2026-04-18 12:39:32.282] [3663] [HailoRT] [info] [vdevice.cpp:780] [configure] Configuring HEF on VDevice took 21.354173 milliseconds
[2026-04-18 12:39:32.282] [3663] [HailoRT] [info] [infer_model.cpp:417] [configure] Configuring network group 'yolov8s' with params: batch size: 1, power mode: PERFORMANCE, latency: NONE
[2026-04-18 12:39:32.282] [3663] [HailoRT] [info] [multi_io_elements.cpp:754] [create] Created (AsyncHwEl)
[2026-04-18 12:39:32.282] [3663] [HailoRT] [info] [queue_elements.cpp:450] [create] Created (EntryPushQEl0yolov8s/input_layer1 | timeout: 10s)
[2026-04-18 12:39:32.282] [3663] [HailoRT] [info] [filter_elements.cpp:101] [create] Created (PreInferEl3yolov8s/input_layer1 | Reorder - src_order: NHWC, src_shape: (640, 640, 3), dst_order: NHCW, dst_shape: (640, 640, 3))
[2026-04-18 12:39:32.283] [3663] [HailoRT] [info] [queue_elements.cpp:450] [create] Created (PushQEl3yolov8s/input_layer1 | timeout: 10s)
[2026-04-18 12:39:32.283] [3663] [HailoRT] [info] [multi_io_elements.cpp:135] [create] Created (NmsPPMuxEl0YOLOV8-Post-Process | Op YOLOV8, Name: YOLOV8-Post-Process, Score threshold: 0.200, IoU threshold: 0.70, Classes: 3, Max bboxes per class: 100, Image height: 640, Image width: 640)
[2026-04-18 12:39:32.283] [3663] [HailoRT] [info] [queue_elements.cpp:942] [create] Created (MultiPushQEl0YOLOV8-Post-Process | timeout: 10s)
[2026-04-18 12:39:32.283] [3663] [HailoRT] [info] [edge_elements.cpp:187] [create] Created (LastAsyncEl0NmsPPMuxEl0YOLOV8-Post-Process)
[2026-04-18 12:39:32.283] [3663] [HailoRT] [info] [pipeline.cpp:891] [print_deep_description] EntryPushQEl0yolov8s/input_layer1 | inputs: user | outputs: PreInferEl3yolov8s/input_layer1(running in thread_id: 3678)
[2026-04-18 12:39:32.283] [3663] [HailoRT] [info] [pipeline.cpp:891] [print_deep_description] PreInferEl3yolov8s/input_layer1 | inputs: EntryPushQEl0yolov8s/input_layer1[0] | outputs: PushQEl3yolov8s/input_layer1
[2026-04-18 12:39:32.283] [3663] [HailoRT] [info] [pipeline.cpp:891] [print_deep_description] PushQEl3yolov8s/input_layer1 | inputs: PreInferEl3yolov8s/input_layer1[0] | outputs: AsyncHwEl(running in thread_id: 3679)
[2026-04-18 12:39:32.283] [3663] [HailoRT] [info] [pipeline.cpp:891] [print_deep_description] AsyncHwEl | inputs: PushQEl3yolov8s/input_layer1[0] | outputs: MultiPushQEl0YOLOV8-Post-Process MultiPushQEl0YOLOV8-Post-Process MultiPushQEl0YOLOV8-Post-Process MultiPushQEl0YOLOV8-Post-Process MultiPushQEl0YOLOV8-Post-Process MultiPushQEl0YOLOV8-Post-Process
[2026-04-18 12:39:32.283] [3663] [HailoRT] [info] [pipeline.cpp:891] [print_deep_description] MultiPushQEl0YOLOV8-Post-Process | inputs: AsyncHwEl[0] AsyncHwEl[1] AsyncHwEl[2] AsyncHwEl[3] AsyncHwEl[4] AsyncHwEl[5] | outputs: NmsPPMuxEl0YOLOV8-Post-Process(running in thread_id: 3680)
[2026-04-18 12:39:32.283] [3663] [HailoRT] [info] [pipeline.cpp:891] [print_deep_description] NmsPPMuxEl0YOLOV8-Post-Process | inputs: MultiPushQEl0YOLOV8-Post-Process[0] | outputs: LastAsyncEl0NmsPPMuxEl0YOLOV8-Post-Process
[2026-04-18 12:39:32.283] [3663] [HailoRT] [info] [pipeline.cpp:891] [print_deep_description] LastAsyncEl0NmsPPMuxEl0YOLOV8-Post-Process | inputs: NmsPPMuxEl0YOLOV8-Post-Process[0] | outputs: user
[2026-04-18 12:39:32.737] [3690] [HailoRT] [info] [hef.cpp:1994] [get_network_group_and_network_name] No name was given. Addressing all networks of default network_group: yolov8s
[2026-04-18 12:40:34.051] [3888] [HailoRT] [info] [device.cpp:51] [Device] OS Version: Linux 6.12.47+rpt-rpi-2712 #1 SMP PREEMPT Debian 1:6.12.47-1+rpt1 (2025-09-16) aarch64
[2026-04-18 12:40:34.051] [3888] [HailoRT] [info] [control.cpp:113] [control__parse_identify_results] firmware_version is: 4.23.0
[2026-04-18 12:40:34.051] [3888] [HailoRT] [info] [control.cpp:113] [control__parse_identify_results] firmware_version is: 4.23.0
[2026-04-18 12:40:34.098] [3885] [HailoRT] [info] [vdevice.cpp:535] [create] Creating vdevice with params: device_count: 1, scheduling_algorithm: ROUND_ROBIN, multi_process_service: false
[2026-04-18 12:40:34.111] [3885] [HailoRT] [info] [device.cpp:51] [Device] OS Version: Linux 6.12.47+rpt-rpi-2712 #1 SMP PREEMPT Debian 1:6.12.47-1+rpt1 (2025-09-16) aarch64
[2026-04-18 12:40:34.111] [3885] [HailoRT] [info] [control.cpp:113] [control__parse_identify_results] firmware_version is: 4.23.0
[2026-04-18 12:40:34.111] [3885] [HailoRT] [info] [vdevice.cpp:682] [create] VDevice Infos: 0001:01:00.0
[2026-04-18 12:40:34.116] [3885] [HailoRT] [info] [hef.cpp:1994] [get_network_group_and_network_name] No name was given. Addressing all networks of default network_group: yolov8s
[2026-04-18 12:40:34.116] [3885] [HailoRT] [info] [hef.cpp:1994] [get_network_group_and_network_name] No name was given. Addressing all networks of default network_group: yolov8s
[2026-04-18 12:40:34.116] [3885] [HailoRT] [info] [hef.cpp:1994] [get_network_group_and_network_name] No name was given. Addressing all networks of default network_group: yolov8s
[2026-04-18 12:40:34.122] [3885] [HailoRT] [info] [internal_buffer_manager.cpp:75] [print_execution_results] Default Internal buffer planner failed to meet requirements
[2026-04-18 12:40:34.122] [3885] [HailoRT] [info] [internal_buffer_manager.cpp:86] [print_execution_results] Default Internal buffer planner executed successfully
[2026-04-18 12:40:34.138] [3885] [HailoRT] [info] [device_internal.cpp:57] [configure] Configuring HEF took 21.972342 milliseconds
[2026-04-18 12:40:34.138] [3885] [HailoRT] [info] [vdevice.cpp:780] [configure] Configuring HEF on VDevice took 22.302115 milliseconds
[2026-04-18 12:40:34.139] [3885] [HailoRT] [info] [infer_model.cpp:417] [configure] Configuring network group 'yolov8s' with params: batch size: 1, power mode: PERFORMANCE, latency: NONE
[2026-04-18 12:40:34.139] [3885] [HailoRT] [info] [multi_io_elements.cpp:754] [create] Created (AsyncHwEl)
[2026-04-18 12:40:34.139] [3885] [HailoRT] [info] [queue_elements.cpp:450] [create] Created (EntryPushQEl0yolov8s/input_layer1 | timeout: 10s)
[2026-04-18 12:40:34.139] [3885] [HailoRT] [info] [filter_elements.cpp:101] [create] Created (PreInferEl3yolov8s/input_layer1 | Reorder - src_order: NHWC, src_shape: (640, 640, 3), dst_order: NHCW, dst_shape: (640, 640, 3))
[2026-04-18 12:40:34.139] [3885] [HailoRT] [info] [queue_elements.cpp:450] [create] Created (PushQEl3yolov8s/input_layer1 | timeout: 10s)
[2026-04-18 12:40:34.139] [3885] [HailoRT] [info] [multi_io_elements.cpp:135] [create] Created (NmsPPMuxEl0YOLOV8-Post-Process | Op YOLOV8, Name: YOLOV8-Post-Process, Score threshold: 0.200, IoU threshold: 0.70, Classes: 3, Max bboxes per class: 100, Image height: 640, Image width: 640)
[2026-04-18 12:40:34.139] [3885] [HailoRT] [info] [queue_elements.cpp:942] [create] Created (MultiPushQEl0YOLOV8-Post-Process | timeout: 10s)
[2026-04-18 12:40:34.139] [3885] [HailoRT] [info] [edge_elements.cpp:187] [create] Created (LastAsyncEl0NmsPPMuxEl0YOLOV8-Post-Process)
[2026-04-18 12:40:34.139] [3885] [HailoRT] [info] [pipeline.cpp:891] [print_deep_description] EntryPushQEl0yolov8s/input_layer1 | inputs: user | outputs: PreInferEl3yolov8s/input_layer1(running in thread_id: 3900)
[2026-04-18 12:40:34.139] [3885] [HailoRT] [info] [pipeline.cpp:891] [print_deep_description] PreInferEl3yolov8s/input_layer1 | inputs: EntryPushQEl0yolov8s/input_layer1[0] | outputs: PushQEl3yolov8s/input_layer1
[2026-04-18 12:40:34.139] [3885] [HailoRT] [info] [pipeline.cpp:891] [print_deep_description] PushQEl3yolov8s/input_layer1 | inputs: PreInferEl3yolov8s/input_layer1[0] | outputs: AsyncHwEl(running in thread_id: 3901)
[2026-04-18 12:40:34.139] [3885] [HailoRT] [info] [pipeline.cpp:891] [print_deep_description] AsyncHwEl | inputs: PushQEl3yolov8s/input_layer1[0] | outputs: MultiPushQEl0YOLOV8-Post-Process MultiPushQEl0YOLOV8-Post-Process MultiPushQEl0YOLOV8-Post-Process MultiPushQEl0YOLOV8-Post-Process MultiPushQEl0YOLOV8-Post-Process MultiPushQEl0YOLOV8-Post-Process
[2026-04-18 12:40:34.140] [3885] [HailoRT] [info] [pipeline.cpp:891] [print_deep_description] MultiPushQEl0YOLOV8-Post-Process | inputs: AsyncHwEl[0] AsyncHwEl[1] AsyncHwEl[2] AsyncHwEl[3] AsyncHwEl[4] AsyncHwEl[5] | outputs: NmsPPMuxEl0YOLOV8-Post-Process(running in thread_id: 3902)
[2026-04-18 12:40:34.140] [3885] [HailoRT] [info] [pipeline.cpp:891] [print_deep_description] NmsPPMuxEl0YOLOV8-Post-Process | inputs: MultiPushQEl0YOLOV8-Post-Process[0] | outputs: LastAsyncEl0NmsPPMuxEl0YOLOV8-Post-Process
[2026-04-18 12:40:34.140] [3885] [HailoRT] [info] [pipeline.cpp:891] [print_deep_description] LastAsyncEl0NmsPPMuxEl0YOLOV8-Post-Process | inputs: NmsPPMuxEl0YOLOV8-Post-Process[0] | outputs: user
[2026-04-18 12:40:34.585] [3912] [HailoRT] [info] [hef.cpp:1994] [get_network_group_and_network_name] No name was given. Addressing all networks of default network_group: yolov8s
[2026-04-18 12:40:59.423] [4013] [HailoRT] [info] [device.cpp:51] [Device] OS Version: Linux 6.12.47+rpt-rpi-2712 #1 SMP PREEMPT Debian 1:6.12.47-1+rpt1 (2025-09-16) aarch64
[2026-04-18 12:40:59.423] [4013] [HailoRT] [info] [control.cpp:113] [control__parse_identify_results] firmware_version is: 4.23.0
[2026-04-18 12:40:59.423] [4013] [HailoRT] [info] [control.cpp:113] [control__parse_identify_results] firmware_version is: 4.23.0
[2026-04-18 12:40:59.472] [4010] [HailoRT] [info] [vdevice.cpp:535] [create] Creating vdevice with params: device_count: 1, scheduling_algorithm: ROUND_ROBIN, multi_process_service: false
[2026-04-18 12:40:59.485] [4010] [HailoRT] [info] [device.cpp:51] [Device] OS Version: Linux 6.12.47+rpt-rpi-2712 #1 SMP PREEMPT Debian 1:6.12.47-1+rpt1 (2025-09-16) aarch64
[2026-04-18 12:40:59.485] [4010] [HailoRT] [info] [control.cpp:113] [control__parse_identify_results] firmware_version is: 4.23.0
[2026-04-18 12:40:59.485] [4010] [HailoRT] [info] [vdevice.cpp:682] [create] VDevice Infos: 0001:01:00.0
[2026-04-18 12:40:59.490] [4010] [HailoRT] [info] [hef.cpp:1994] [get_network_group_and_network_name] No name was given. Addressing all networks of default network_group: yolov8s
[2026-04-18 12:40:59.490] [4010] [HailoRT] [info] [hef.cpp:1994] [get_network_group_and_network_name] No name was given. Addressing all networks of default network_group: yolov8s
[2026-04-18 12:40:59.490] [4010] [HailoRT] [info] [hef.cpp:1994] [get_network_group_and_network_name] No name was given. Addressing all networks of default network_group: yolov8s
[2026-04-18 12:40:59.497] [4010] [HailoRT] [info] [internal_buffer_manager.cpp:75] [print_execution_results] Default Internal buffer planner failed to meet requirements
[2026-04-18 12:40:59.497] [4010] [HailoRT] [info] [internal_buffer_manager.cpp:86] [print_execution_results] Default Internal buffer planner executed successfully
[2026-04-18 12:40:59.508] [4010] [HailoRT] [info] [device_internal.cpp:57] [configure] Configuring HEF took 17.639421 milliseconds
[2026-04-18 12:40:59.508] [4010] [HailoRT] [info] [vdevice.cpp:780] [configure] Configuring HEF on VDevice took 17.966137 milliseconds
[2026-04-18 12:40:59.508] [4010] [HailoRT] [info] [infer_model.cpp:417] [configure] Configuring network group 'yolov8s' with params: batch size: 1, power mode: PERFORMANCE, latency: NONE
[2026-04-18 12:40:59.508] [4010] [HailoRT] [info] [multi_io_elements.cpp:754] [create] Created (AsyncHwEl)
[2026-04-18 12:40:59.508] [4010] [HailoRT] [info] [queue_elements.cpp:450] [create] Created (EntryPushQEl0yolov8s/input_layer1 | timeout: 10s)
[2026-04-18 12:40:59.508] [4010] [HailoRT] [info] [filter_elements.cpp:101] [create] Created (PreInferEl3yolov8s/input_layer1 | Reorder - src_order: NHWC, src_shape: (640, 640, 3), dst_order: NHCW, dst_shape: (640, 640, 3))
[2026-04-18 12:40:59.508] [4010] [HailoRT] [info] [queue_elements.cpp:450] [create] Created (PushQEl3yolov8s/input_layer1 | timeout: 10s)
[2026-04-18 12:40:59.508] [4010] [HailoRT] [info] [multi_io_elements.cpp:135] [create] Created (NmsPPMuxEl0YOLOV8-Post-Process | Op YOLOV8, Name: YOLOV8-Post-Process, Score threshold: 0.200, IoU threshold: 0.70, Classes: 3, Max bboxes per class: 100, Image height: 640, Image width: 640)
[2026-04-18 12:40:59.509] [4010] [HailoRT] [info] [queue_elements.cpp:942] [create] Created (MultiPushQEl0YOLOV8-Post-Process | timeout: 10s)
[2026-04-18 12:40:59.509] [4010] [HailoRT] [info] [edge_elements.cpp:187] [create] Created (LastAsyncEl0NmsPPMuxEl0YOLOV8-Post-Process)
[2026-04-18 12:40:59.509] [4010] [HailoRT] [info] [pipeline.cpp:891] [print_deep_description] EntryPushQEl0yolov8s/input_layer1 | inputs: user | outputs: PreInferEl3yolov8s/input_layer1(running in thread_id: 4025)
[2026-04-18 12:40:59.509] [4010] [HailoRT] [info] [pipeline.cpp:891] [print_deep_description] PreInferEl3yolov8s/input_layer1 | inputs: EntryPushQEl0yolov8s/input_layer1[0] | outputs: PushQEl3yolov8s/input_layer1
[2026-04-18 12:40:59.509] [4010] [HailoRT] [info] [pipeline.cpp:891] [print_deep_description] PushQEl3yolov8s/input_layer1 | inputs: PreInferEl3yolov8s/input_layer1[0] | outputs: AsyncHwEl(running in thread_id: 4026)
[2026-04-18 12:40:59.509] [4010] [HailoRT] [info] [pipeline.cpp:891] [print_deep_description] AsyncHwEl | inputs: PushQEl3yolov8s/input_layer1[0] | outputs: MultiPushQEl0YOLOV8-Post-Process MultiPushQEl0YOLOV8-Post-Process MultiPushQEl0YOLOV8-Post-Process MultiPushQEl0YOLOV8-Post-Process MultiPushQEl0YOLOV8-Post-Process MultiPushQEl0YOLOV8-Post-Process
[2026-04-18 12:40:59.509] [4010] [HailoRT] [info] [pipeline.cpp:891] [print_deep_description] MultiPushQEl0YOLOV8-Post-Process | inputs: AsyncHwEl[0] AsyncHwEl[1] AsyncHwEl[2] AsyncHwEl[3] AsyncHwEl[4] AsyncHwEl[5] | outputs: NmsPPMuxEl0YOLOV8-Post-Process(running in thread_id: 4027)
[2026-04-18 12:40:59.509] [4010] [HailoRT] [info] [pipeline.cpp:891] [print_deep_description] NmsPPMuxEl0YOLOV8-Post-Process | inputs: MultiPushQEl0YOLOV8-Post-Process[0] | outputs: LastAsyncEl0NmsPPMuxEl0YOLOV8-Post-Process
[2026-04-18 12:40:59.509] [4010] [HailoRT] [info] [pipeline.cpp:891] [print_deep_description] LastAsyncEl0NmsPPMuxEl0YOLOV8-Post-Process | inputs: NmsPPMuxEl0YOLOV8-Post-Process[0] | outputs: user
[2026-04-18 12:40:59.966] [4037] [HailoRT] [info] [hef.cpp:1994] [get_network_group_and_network_name] No name was given. Addressing all networks of default network_group: yolov8s
[2026-04-18 12:42:41.927] [6060] [HailoRT] [info] [device.cpp:51] [Device] OS Version: Linux 6.12.47+rpt-rpi-2712 #1 SMP PREEMPT Debian 1:6.12.47-1+rpt1 (2025-09-16) aarch64
[2026-04-18 12:42:41.927] [6060] [HailoRT] [info] [control.cpp:113] [control__parse_identify_results] firmware_version is: 4.23.0
[2026-04-18 12:42:41.927] [6060] [HailoRT] [info] [control.cpp:113] [control__parse_identify_results] firmware_version is: 4.23.0
[2026-04-18 12:42:41.972] [6057] [HailoRT] [info] [vdevice.cpp:535] [create] Creating vdevice with params: device_count: 1, scheduling_algorithm: ROUND_ROBIN, multi_process_service: false
[2026-04-18 12:42:41.985] [6057] [HailoRT] [info] [device.cpp:51] [Device] OS Version: Linux 6.12.47+rpt-rpi-2712 #1 SMP PREEMPT Debian 1:6.12.47-1+rpt1 (2025-09-16) aarch64
[2026-04-18 12:42:41.985] [6057] [HailoRT] [info] [control.cpp:113] [control__parse_identify_results] firmware_version is: 4.23.0
[2026-04-18 12:42:41.985] [6057] [HailoRT] [info] [vdevice.cpp:682] [create] VDevice Infos: 0001:01:00.0
[2026-04-18 12:42:41.990] [6057] [HailoRT] [info] [hef.cpp:1994] [get_network_group_and_network_name] No name was given. Addressing all networks of default network_group: yolov8s
[2026-04-18 12:42:41.990] [6057] [HailoRT] [info] [hef.cpp:1994] [get_network_group_and_network_name] No name was given. Addressing all networks of default network_group: yolov8s
[2026-04-18 12:42:41.990] [6057] [HailoRT] [info] [hef.cpp:1994] [get_network_group_and_network_name] No name was given. Addressing all networks of default network_group: yolov8s
[2026-04-18 12:42:41.996] [6057] [HailoRT] [info] [internal_buffer_manager.cpp:75] [print_execution_results] Default Internal buffer planner failed to meet requirements
[2026-04-18 12:42:41.996] [6057] [HailoRT] [info] [internal_buffer_manager.cpp:86] [print_execution_results] Default Internal buffer planner executed successfully
[2026-04-18 12:42:42.010] [6057] [HailoRT] [info] [device_internal.cpp:57] [configure] Configuring HEF took 19.627173 milliseconds
[2026-04-18 12:42:42.010] [6057] [HailoRT] [info] [vdevice.cpp:780] [configure] Configuring HEF on VDevice took 19.957279 milliseconds
[2026-04-18 12:42:42.010] [6057] [HailoRT] [info] [infer_model.cpp:417] [configure] Configuring network group 'yolov8s' with params: batch size: 1, power mode: PERFORMANCE, latency: NONE
[2026-04-18 12:42:42.010] [6057] [HailoRT] [info] [multi_io_elements.cpp:754] [create] Created (AsyncHwEl)
[2026-04-18 12:42:42.010] [6057] [HailoRT] [info] [queue_elements.cpp:450] [create] Created (EntryPushQEl0yolov8s/input_layer1 | timeout: 10s)
[2026-04-18 12:42:42.010] [6057] [HailoRT] [info] [filter_elements.cpp:101] [create] Created (PreInferEl3yolov8s/input_layer1 | Reorder - src_order: NHWC, src_shape: (640, 640, 3), dst_order: NHCW, dst_shape: (640, 640, 3))
[2026-04-18 12:42:42.010] [6057] [HailoRT] [info] [queue_elements.cpp:450] [create] Created (PushQEl3yolov8s/input_layer1 | timeout: 10s)
[2026-04-18 12:42:42.010] [6057] [HailoRT] [info] [multi_io_elements.cpp:135] [create] Created (NmsPPMuxEl0YOLOV8-Post-Process | Op YOLOV8, Name: YOLOV8-Post-Process, Score threshold: 0.200, IoU threshold: 0.70, Classes: 3, Max bboxes per class: 100, Image height: 640, Image width: 640)
[2026-04-18 12:42:42.011] [6057] [HailoRT] [info] [queue_elements.cpp:942] [create] Created (MultiPushQEl0YOLOV8-Post-Process | timeout: 10s)
[2026-04-18 12:42:42.011] [6057] [HailoRT] [info] [edge_elements.cpp:187] [create] Created (LastAsyncEl0NmsPPMuxEl0YOLOV8-Post-Process)
[2026-04-18 12:42:42.011] [6057] [HailoRT] [info] [pipeline.cpp:891] [print_deep_description] EntryPushQEl0yolov8s/input_layer1 | inputs: user | outputs: PreInferEl3yolov8s/input_layer1(running in thread_id: 6072)
[2026-04-18 12:42:42.011] [6057] [HailoRT] [info] [pipeline.cpp:891] [print_deep_description] PreInferEl3yolov8s/input_layer1 | inputs: EntryPushQEl0yolov8s/input_layer1[0] | outputs: PushQEl3yolov8s/input_layer1
[2026-04-18 12:42:42.011] [6057] [HailoRT] [info] [pipeline.cpp:891] [print_deep_description] PushQEl3yolov8s/input_layer1 | inputs: PreInferEl3yolov8s/input_layer1[0] | outputs: AsyncHwEl(running in thread_id: 6073)
[2026-04-18 12:42:42.011] [6057] [HailoRT] [info] [pipeline.cpp:891] [print_deep_description] AsyncHwEl | inputs: PushQEl3yolov8s/input_layer1[0] | outputs: MultiPushQEl0YOLOV8-Post-Process MultiPushQEl0YOLOV8-Post-Process MultiPushQEl0YOLOV8-Post-Process MultiPushQEl0YOLOV8-Post-Process MultiPushQEl0YOLOV8-Post-Process MultiPushQEl0YOLOV8-Post-Process
[2026-04-18 12:42:42.011] [6057] [HailoRT] [info] [pipeline.cpp:891] [print_deep_description] MultiPushQEl0YOLOV8-Post-Process | inputs: AsyncHwEl[0] AsyncHwEl[1] AsyncHwEl[2] AsyncHwEl[3] AsyncHwEl[4] AsyncHwEl[5] | outputs: NmsPPMuxEl0YOLOV8-Post-Process(running in thread_id: 6074)
[2026-04-18 12:42:42.011] [6057] [HailoRT] [info] [pipeline.cpp:891] [print_deep_description] NmsPPMuxEl0YOLOV8-Post-Process | inputs: MultiPushQEl0YOLOV8-Post-Process[0] | outputs: LastAsyncEl0NmsPPMuxEl0YOLOV8-Post-Process
[2026-04-18 12:42:42.011] [6057] [HailoRT] [info] [pipeline.cpp:891] [print_deep_description] LastAsyncEl0NmsPPMuxEl0YOLOV8-Post-Process | inputs: NmsPPMuxEl0YOLOV8-Post-Process[0] | outputs: user
[2026-04-18 12:42:42.484] [6084] [HailoRT] [info] [hef.cpp:1994] [get_network_group_and_network_name] No name was given. Addressing all networks of default network_group: yolov8s
[2026-04-18 12:43:21.711] [6244] [HailoRT] [info] [device.cpp:51] [Device] OS Version: Linux 6.12.47+rpt-rpi-2712 #1 SMP PREEMPT Debian 1:6.12.47-1+rpt1 (2025-09-16) aarch64
[2026-04-18 12:43:21.711] [6244] [HailoRT] [info] [control.cpp:113] [control__parse_identify_results] firmware_version is: 4.23.0
[2026-04-18 12:43:21.711] [6244] [HailoRT] [info] [control.cpp:113] [control__parse_identify_results] firmware_version is: 4.23.0
[2026-04-18 12:43:21.768] [6241] [HailoRT] [info] [vdevice.cpp:535] [create] Creating vdevice with params: device_count: 1, scheduling_algorithm: ROUND_ROBIN, multi_process_service: false
[2026-04-18 12:43:21.781] [6241] [HailoRT] [info] [device.cpp:51] [Device] OS Version: Linux 6.12.47+rpt-rpi-2712 #1 SMP PREEMPT Debian 1:6.12.47-1+rpt1 (2025-09-16) aarch64
[2026-04-18 12:43:21.781] [6241] [HailoRT] [info] [control.cpp:113] [control__parse_identify_results] firmware_version is: 4.23.0
[2026-04-18 12:43:21.781] [6241] [HailoRT] [info] [vdevice.cpp:682] [create] VDevice Infos: 0001:01:00.0
[2026-04-18 12:43:21.786] [6241] [HailoRT] [info] [hef.cpp:1994] [get_network_group_and_network_name] No name was given. Addressing all networks of default network_group: yolov8s
[2026-04-18 12:43:21.786] [6241] [HailoRT] [info] [hef.cpp:1994] [get_network_group_and_network_name] No name was given. Addressing all networks of default network_group: yolov8s
[2026-04-18 12:43:21.786] [6241] [HailoRT] [info] [hef.cpp:1994] [get_network_group_and_network_name] No name was given. Addressing all networks of default network_group: yolov8s
[2026-04-18 12:43:21.792] [6241] [HailoRT] [info] [internal_buffer_manager.cpp:75] [print_execution_results] Default Internal buffer planner failed to meet requirements
[2026-04-18 12:43:21.792] [6241] [HailoRT] [info] [internal_buffer_manager.cpp:86] [print_execution_results] Default Internal buffer planner executed successfully
[2026-04-18 12:43:21.804] [6241] [HailoRT] [info] [device_internal.cpp:57] [configure] Configuring HEF took 17.88576 milliseconds
[2026-04-18 12:43:21.804] [6241] [HailoRT] [info] [vdevice.cpp:780] [configure] Configuring HEF on VDevice took 18.222161 milliseconds
[2026-04-18 12:43:21.804] [6241] [HailoRT] [info] [infer_model.cpp:417] [configure] Configuring network group 'yolov8s' with params: batch size: 1, power mode: PERFORMANCE, latency: NONE
[2026-04-18 12:43:21.804] [6241] [HailoRT] [info] [multi_io_elements.cpp:754] [create] Created (AsyncHwEl)
[2026-04-18 12:43:21.804] [6241] [HailoRT] [info] [queue_elements.cpp:450] [create] Created (EntryPushQEl0yolov8s/input_layer1 | timeout: 10s)
[2026-04-18 12:43:21.804] [6241] [HailoRT] [info] [filter_elements.cpp:101] [create] Created (PreInferEl3yolov8s/input_layer1 | Reorder - src_order: NHWC, src_shape: (640, 640, 3), dst_order: NHCW, dst_shape: (640, 640, 3))
[2026-04-18 12:43:21.804] [6241] [HailoRT] [info] [queue_elements.cpp:450] [create] Created (PushQEl3yolov8s/input_layer1 | timeout: 10s)
[2026-04-18 12:43:21.804] [6241] [HailoRT] [info] [multi_io_elements.cpp:135] [create] Created (NmsPPMuxEl0YOLOV8-Post-Process | Op YOLOV8, Name: YOLOV8-Post-Process, Score threshold: 0.200, IoU threshold: 0.70, Classes: 3, Max bboxes per class: 100, Image height: 640, Image width: 640)
[2026-04-18 12:43:21.805] [6241] [HailoRT] [info] [queue_elements.cpp:942] [create] Created (MultiPushQEl0YOLOV8-Post-Process | timeout: 10s)
[2026-04-18 12:43:21.805] [6241] [HailoRT] [info] [edge_elements.cpp:187] [create] Created (LastAsyncEl0NmsPPMuxEl0YOLOV8-Post-Process)
[2026-04-18 12:43:21.805] [6241] [HailoRT] [info] [pipeline.cpp:891] [print_deep_description] EntryPushQEl0yolov8s/input_layer1 | inputs: user | outputs: PreInferEl3yolov8s/input_layer1(running in thread_id: 6256)
[2026-04-18 12:43:21.805] [6241] [HailoRT] [info] [pipeline.cpp:891] [print_deep_description] PreInferEl3yolov8s/input_layer1 | inputs: EntryPushQEl0yolov8s/input_layer1[0] | outputs: PushQEl3yolov8s/input_layer1
[2026-04-18 12:43:21.805] [6241] [HailoRT] [info] [pipeline.cpp:891] [print_deep_description] PushQEl3yolov8s/input_layer1 | inputs: PreInferEl3yolov8s/input_layer1[0] | outputs: AsyncHwEl(running in thread_id: 6257)
[2026-04-18 12:43:21.805] [6241] [HailoRT] [info] [pipeline.cpp:891] [print_deep_description] AsyncHwEl | inputs: PushQEl3yolov8s/input_layer1[0] | outputs: MultiPushQEl0YOLOV8-Post-Process MultiPushQEl0YOLOV8-Post-Process MultiPushQEl0YOLOV8-Post-Process MultiPushQEl0YOLOV8-Post-Process MultiPushQEl0YOLOV8-Post-Process MultiPushQEl0YOLOV8-Post-Process
[2026-04-18 12:43:21.805] [6241] [HailoRT] [info] [pipeline.cpp:891] [print_deep_description] MultiPushQEl0YOLOV8-Post-Process | inputs: AsyncHwEl[0] AsyncHwEl[1] AsyncHwEl[2] AsyncHwEl[3] AsyncHwEl[4] AsyncHwEl[5] | outputs: NmsPPMuxEl0YOLOV8-Post-Process(running in thread_id: 6258)
[2026-04-18 12:43:21.805] [6241] [HailoRT] [info] [pipeline.cpp:891] [print_deep_description] NmsPPMuxEl0YOLOV8-Post-Process | inputs: MultiPushQEl0YOLOV8-Post-Process[0] | outputs: LastAsyncEl0NmsPPMuxEl0YOLOV8-Post-Process
[2026-04-18 12:43:21.805] [6241] [HailoRT] [info] [pipeline.cpp:891] [print_deep_description] LastAsyncEl0NmsPPMuxEl0YOLOV8-Post-Process | inputs: NmsPPMuxEl0YOLOV8-Post-Process[0] | outputs: user
[2026-04-18 12:43:22.287] [6268] [HailoRT] [info] [hef.cpp:1994] [get_network_group_and_network_name] No name was given. Addressing all networks of default network_group: yolov8s
[2026-04-18 12:43:54.106] [6382] [HailoRT] [info] [device.cpp:51] [Device] OS Version: Linux 6.12.47+rpt-rpi-2712 #1 SMP PREEMPT Debian 1:6.12.47-1+rpt1 (2025-09-16) aarch64
[2026-04-18 12:43:54.106] [6382] [HailoRT] [info] [control.cpp:113] [control__parse_identify_results] firmware_version is: 4.23.0
[2026-04-18 12:43:54.106] [6382] [HailoRT] [info] [control.cpp:113] [control__parse_identify_results] firmware_version is: 4.23.0
[2026-04-18 12:43:54.148] [6379] [HailoRT] [info] [vdevice.cpp:535] [create] Creating vdevice with params: device_count: 1, scheduling_algorithm: ROUND_ROBIN, multi_process_service: false
[2026-04-18 12:43:54.161] [6379] [HailoRT] [info] [device.cpp:51] [Device] OS Version: Linux 6.12.47+rpt-rpi-2712 #1 SMP PREEMPT Debian 1:6.12.47-1+rpt1 (2025-09-16) aarch64
[2026-04-18 12:43:54.161] [6379] [HailoRT] [info] [control.cpp:113] [control__parse_identify_results] firmware_version is: 4.23.0
[2026-04-18 12:43:54.161] [6379] [HailoRT] [info] [vdevice.cpp:682] [create] VDevice Infos: 0001:01:00.0
[2026-04-18 12:43:54.167] [6379] [HailoRT] [info] [hef.cpp:1994] [get_network_group_and_network_name] No name was given. Addressing all networks of default network_group: yolov8s
[2026-04-18 12:43:54.167] [6379] [HailoRT] [info] [hef.cpp:1994] [get_network_group_and_network_name] No name was given. Addressing all networks of default network_group: yolov8s
[2026-04-18 12:43:54.167] [6379] [HailoRT] [info] [hef.cpp:1994] [get_network_group_and_network_name] No name was given. Addressing all networks of default network_group: yolov8s
[2026-04-18 12:43:54.172] [6379] [HailoRT] [info] [internal_buffer_manager.cpp:75] [print_execution_results] Default Internal buffer planner failed to meet requirements
[2026-04-18 12:43:54.172] [6379] [HailoRT] [info] [internal_buffer_manager.cpp:86] [print_execution_results] Default Internal buffer planner executed successfully
[2026-04-18 12:43:54.183] [6379] [HailoRT] [info] [device_internal.cpp:57] [configure] Configuring HEF took 16.135938 milliseconds
[2026-04-18 12:43:54.183] [6379] [HailoRT] [info] [vdevice.cpp:780] [configure] Configuring HEF on VDevice took 16.476766 milliseconds
[2026-04-18 12:43:54.183] [6379] [HailoRT] [info] [infer_model.cpp:417] [configure] Configuring network group 'yolov8s' with params: batch size: 1, power mode: PERFORMANCE, latency: NONE
[2026-04-18 12:43:54.183] [6379] [HailoRT] [info] [multi_io_elements.cpp:754] [create] Created (AsyncHwEl)
[2026-04-18 12:43:54.184] [6379] [HailoRT] [info] [queue_elements.cpp:450] [create] Created (EntryPushQEl0yolov8s/input_layer1 | timeout: 10s)
[2026-04-18 12:43:54.184] [6379] [HailoRT] [info] [filter_elements.cpp:101] [create] Created (PreInferEl3yolov8s/input_layer1 | Reorder - src_order: NHWC, src_shape: (640, 640, 3), dst_order: NHCW, dst_shape: (640, 640, 3))
[2026-04-18 12:43:54.184] [6379] [HailoRT] [info] [queue_elements.cpp:450] [create] Created (PushQEl3yolov8s/input_layer1 | timeout: 10s)
[2026-04-18 12:43:54.184] [6379] [HailoRT] [info] [multi_io_elements.cpp:135] [create] Created (NmsPPMuxEl0YOLOV8-Post-Process | Op YOLOV8, Name: YOLOV8-Post-Process, Score threshold: 0.200, IoU threshold: 0.70, Classes: 3, Max bboxes per class: 100, Image height: 640, Image width: 640)
[2026-04-18 12:43:54.184] [6379] [HailoRT] [info] [queue_elements.cpp:942] [create] Created (MultiPushQEl0YOLOV8-Post-Process | timeout: 10s)
[2026-04-18 12:43:54.184] [6379] [HailoRT] [info] [edge_elements.cpp:187] [create] Created (LastAsyncEl0NmsPPMuxEl0YOLOV8-Post-Process)
[2026-04-18 12:43:54.184] [6379] [HailoRT] [info] [pipeline.cpp:891] [print_deep_description] EntryPushQEl0yolov8s/input_layer1 | inputs: user | outputs: PreInferEl3yolov8s/input_layer1(running in thread_id: 6394)
[2026-04-18 12:43:54.184] [6379] [HailoRT] [info] [pipeline.cpp:891] [print_deep_description] PreInferEl3yolov8s/input_layer1 | inputs: EntryPushQEl0yolov8s/input_layer1[0] | outputs: PushQEl3yolov8s/input_layer1
[2026-04-18 12:43:54.184] [6379] [HailoRT] [info] [pipeline.cpp:891] [print_deep_description] PushQEl3yolov8s/input_layer1 | inputs: PreInferEl3yolov8s/input_layer1[0] | outputs: AsyncHwEl(running in thread_id: 6395)
[2026-04-18 12:43:54.184] [6379] [HailoRT] [info] [pipeline.cpp:891] [print_deep_description] AsyncHwEl | inputs: PushQEl3yolov8s/input_layer1[0] | outputs: MultiPushQEl0YOLOV8-Post-Process MultiPushQEl0YOLOV8-Post-Process MultiPushQEl0YOLOV8-Post-Process MultiPushQEl0YOLOV8-Post-Process MultiPushQEl0YOLOV8-Post-Process MultiPushQEl0YOLOV8-Post-Process
[2026-04-18 12:43:54.184] [6379] [HailoRT] [info] [pipeline.cpp:891] [print_deep_description] MultiPushQEl0YOLOV8-Post-Process | inputs: AsyncHwEl[0] AsyncHwEl[1] AsyncHwEl[2] AsyncHwEl[3] AsyncHwEl[4] AsyncHwEl[5] | outputs: NmsPPMuxEl0YOLOV8-Post-Process(running in thread_id: 6396)
[2026-04-18 12:43:54.184] [6379] [HailoRT] [info] [pipeline.cpp:891] [print_deep_description] NmsPPMuxEl0YOLOV8-Post-Process | inputs: MultiPushQEl0YOLOV8-Post-Process[0] | outputs: LastAsyncEl0NmsPPMuxEl0YOLOV8-Post-Process
[2026-04-18 12:43:54.184] [6379] [HailoRT] [info] [pipeline.cpp:891] [print_deep_description] LastAsyncEl0NmsPPMuxEl0YOLOV8-Post-Process | inputs: NmsPPMuxEl0YOLOV8-Post-Process[0] | outputs: user
[2026-04-18 12:43:54.648] [6406] [HailoRT] [info] [hef.cpp:1994] [get_network_group_and_network_name] No name was given. Addressing all networks of default network_group: yolov8s
[2026-04-18 12:44:16.643] [6441] [HailoRT] [info] [device.cpp:51] [Device] OS Version: Linux 6.12.47+rpt-rpi-2712 #1 SMP PREEMPT Debian 1:6.12.47-1+rpt1 (2025-09-16) aarch64
[2026-04-18 12:44:16.643] [6441] [HailoRT] [info] [control.cpp:113] [control__parse_identify_results] firmware_version is: 4.23.0
[2026-04-18 12:44:16.643] [6441] [HailoRT] [info] [control.cpp:113] [control__parse_identify_results] firmware_version is: 4.23.0
[2026-04-18 12:44:16.688] [6438] [HailoRT] [info] [vdevice.cpp:535] [create] Creating vdevice with params: device_count: 1, scheduling_algorithm: ROUND_ROBIN, multi_process_service: false
[2026-04-18 12:44:16.701] [6438] [HailoRT] [info] [device.cpp:51] [Device] OS Version: Linux 6.12.47+rpt-rpi-2712 #1 SMP PREEMPT Debian 1:6.12.47-1+rpt1 (2025-09-16) aarch64
[2026-04-18 12:44:16.701] [6438] [HailoRT] [info] [control.cpp:113] [control__parse_identify_results] firmware_version is: 4.23.0
[2026-04-18 12:44:16.701] [6438] [HailoRT] [info] [vdevice.cpp:682] [create] VDevice Infos: 0001:01:00.0
[2026-04-18 12:44:16.706] [6438] [HailoRT] [info] [hef.cpp:1994] [get_network_group_and_network_name] No name was given. Addressing all networks of default network_group: yolov8s
[2026-04-18 12:44:16.706] [6438] [HailoRT] [info] [hef.cpp:1994] [get_network_group_and_network_name] No name was given. Addressing all networks of default network_group: yolov8s
[2026-04-18 12:44:16.706] [6438] [HailoRT] [info] [hef.cpp:1994] [get_network_group_and_network_name] No name was given. Addressing all networks of default network_group: yolov8s
[2026-04-18 12:44:16.712] [6438] [HailoRT] [info] [internal_buffer_manager.cpp:75] [print_execution_results] Default Internal buffer planner failed to meet requirements
[2026-04-18 12:44:16.712] [6438] [HailoRT] [info] [internal_buffer_manager.cpp:86] [print_execution_results] Default Internal buffer planner executed successfully
[2026-04-18 12:44:16.724] [6438] [HailoRT] [info] [device_internal.cpp:57] [configure] Configuring HEF took 17.551785 milliseconds
[2026-04-18 12:44:16.724] [6438] [HailoRT] [info] [vdevice.cpp:780] [configure] Configuring HEF on VDevice took 17.901038 milliseconds
[2026-04-18 12:44:16.724] [6438] [HailoRT] [info] [infer_model.cpp:417] [configure] Configuring network group 'yolov8s' with params: batch size: 1, power mode: PERFORMANCE, latency: NONE
[2026-04-18 12:44:16.724] [6438] [HailoRT] [info] [multi_io_elements.cpp:754] [create] Created (AsyncHwEl)
[2026-04-18 12:44:16.725] [6438] [HailoRT] [info] [queue_elements.cpp:450] [create] Created (EntryPushQEl0yolov8s/input_layer1 | timeout: 10s)
[2026-04-18 12:44:16.725] [6438] [HailoRT] [info] [filter_elements.cpp:101] [create] Created (PreInferEl3yolov8s/input_layer1 | Reorder - src_order: NHWC, src_shape: (640, 640, 3), dst_order: NHCW, dst_shape: (640, 640, 3))
[2026-04-18 12:44:16.725] [6438] [HailoRT] [info] [queue_elements.cpp:450] [create] Created (PushQEl3yolov8s/input_layer1 | timeout: 10s)
[2026-04-18 12:44:16.725] [6438] [HailoRT] [info] [multi_io_elements.cpp:135] [create] Created (NmsPPMuxEl0YOLOV8-Post-Process | Op YOLOV8, Name: YOLOV8-Post-Process, Score threshold: 0.200, IoU threshold: 0.70, Classes: 3, Max bboxes per class: 100, Image height: 640, Image width: 640)
[2026-04-18 12:44:16.725] [6438] [HailoRT] [info] [queue_elements.cpp:942] [create] Created (MultiPushQEl0YOLOV8-Post-Process | timeout: 10s)
[2026-04-18 12:44:16.725] [6438] [HailoRT] [info] [edge_elements.cpp:187] [create] Created (LastAsyncEl0NmsPPMuxEl0YOLOV8-Post-Process)
[2026-04-18 12:44:16.725] [6438] [HailoRT] [info] [pipeline.cpp:891] [print_deep_description] EntryPushQEl0yolov8s/input_layer1 | inputs: user | outputs: PreInferEl3yolov8s/input_layer1(running in thread_id: 6453)
[2026-04-18 12:44:16.725] [6438] [HailoRT] [info] [pipeline.cpp:891] [print_deep_description] PreInferEl3yolov8s/input_layer1 | inputs: EntryPushQEl0yolov8s/input_layer1[0] | outputs: PushQEl3yolov8s/input_layer1
[2026-04-18 12:44:16.725] [6438] [HailoRT] [info] [pipeline.cpp:891] [print_deep_description] PushQEl3yolov8s/input_layer1 | inputs: PreInferEl3yolov8s/input_layer1[0] | outputs: AsyncHwEl(running in thread_id: 6454)
[2026-04-18 12:44:16.725] [6438] [HailoRT] [info] [pipeline.cpp:891] [print_deep_description] AsyncHwEl | inputs: PushQEl3yolov8s/input_layer1[0] | outputs: MultiPushQEl0YOLOV8-Post-Process MultiPushQEl0YOLOV8-Post-Process MultiPushQEl0YOLOV8-Post-Process MultiPushQEl0YOLOV8-Post-Process MultiPushQEl0YOLOV8-Post-Process MultiPushQEl0YOLOV8-Post-Process
[2026-04-18 12:44:16.725] [6438] [HailoRT] [info] [pipeline.cpp:891] [print_deep_description] MultiPushQEl0YOLOV8-Post-Process | inputs: AsyncHwEl[0] AsyncHwEl[1] AsyncHwEl[2] AsyncHwEl[3] AsyncHwEl[4] AsyncHwEl[5] | outputs: NmsPPMuxEl0YOLOV8-Post-Process(running in thread_id: 6455)
[2026-04-18 12:44:16.725] [6438] [HailoRT] [info] [pipeline.cpp:891] [print_deep_description] NmsPPMuxEl0YOLOV8-Post-Process | inputs: MultiPushQEl0YOLOV8-Post-Process[0] | outputs: LastAsyncEl0NmsPPMuxEl0YOLOV8-Post-Process
[2026-04-18 12:44:16.725] [6438] [HailoRT] [info] [pipeline.cpp:891] [print_deep_description] LastAsyncEl0NmsPPMuxEl0YOLOV8-Post-Process | inputs: NmsPPMuxEl0YOLOV8-Post-Process[0] | outputs: user
[2026-04-18 12:44:17.202] [6465] [HailoRT] [info] [hef.cpp:1994] [get_network_group_and_network_name] No name was given. Addressing all networks of default network_group: yolov8s
[2026-04-18 12:44:40.015] [6499] [HailoRT] [info] [device.cpp:51] [Device] OS Version: Linux 6.12.47+rpt-rpi-2712 #1 SMP PREEMPT Debian 1:6.12.47-1+rpt1 (2025-09-16) aarch64
[2026-04-18 12:44:40.015] [6499] [HailoRT] [info] [control.cpp:113] [control__parse_identify_results] firmware_version is: 4.23.0
[2026-04-18 12:44:40.015] [6499] [HailoRT] [info] [control.cpp:113] [control__parse_identify_results] firmware_version is: 4.23.0
[2026-04-18 12:44:40.056] [6496] [HailoRT] [info] [vdevice.cpp:535] [create] Creating vdevice with params: device_count: 1, scheduling_algorithm: ROUND_ROBIN, multi_process_service: false
[2026-04-18 12:44:40.067] [6496] [HailoRT] [info] [device.cpp:51] [Device] OS Version: Linux 6.12.47+rpt-rpi-2712 #1 SMP PREEMPT Debian 1:6.12.47-1+rpt1 (2025-09-16) aarch64
[2026-04-18 12:44:40.067] [6496] [HailoRT] [info] [control.cpp:113] [control__parse_identify_results] firmware_version is: 4.23.0
[2026-04-18 12:44:40.067] [6496] [HailoRT] [info] [vdevice.cpp:682] [create] VDevice Infos: 0001:01:00.0
[2026-04-18 12:44:40.071] [6496] [HailoRT] [info] [hef.cpp:1994] [get_network_group_and_network_name] No name was given. Addressing all networks of default network_group: yolov8s
[2026-04-18 12:44:40.071] [6496] [HailoRT] [info] [hef.cpp:1994] [get_network_group_and_network_name] No name was given. Addressing all networks of default network_group: yolov8s
[2026-04-18 12:44:40.071] [6496] [HailoRT] [info] [hef.cpp:1994] [get_network_group_and_network_name] No name was given. Addressing all networks of default network_group: yolov8s
[2026-04-18 12:44:40.077] [6496] [HailoRT] [info] [internal_buffer_manager.cpp:75] [print_execution_results] Default Internal buffer planner failed to meet requirements
[2026-04-18 12:44:40.077] [6496] [HailoRT] [info] [internal_buffer_manager.cpp:86] [print_execution_results] Default Internal buffer planner executed successfully
[2026-04-18 12:44:40.090] [6496] [HailoRT] [info] [device_internal.cpp:57] [configure] Configuring HEF took 18.384013 milliseconds
[2026-04-18 12:44:40.090] [6496] [HailoRT] [info] [vdevice.cpp:780] [configure] Configuring HEF on VDevice took 18.716322 milliseconds
[2026-04-18 12:44:40.090] [6496] [HailoRT] [info] [infer_model.cpp:417] [configure] Configuring network group 'yolov8s' with params: batch size: 1, power mode: PERFORMANCE, latency: NONE
[2026-04-18 12:44:40.090] [6496] [HailoRT] [info] [multi_io_elements.cpp:754] [create] Created (AsyncHwEl)
[2026-04-18 12:44:40.090] [6496] [HailoRT] [info] [queue_elements.cpp:450] [create] Created (EntryPushQEl0yolov8s/input_layer1 | timeout: 10s)
[2026-04-18 12:44:40.090] [6496] [HailoRT] [info] [filter_elements.cpp:101] [create] Created (PreInferEl3yolov8s/input_layer1 | Reorder - src_order: NHWC, src_shape: (640, 640, 3), dst_order: NHCW, dst_shape: (640, 640, 3))
[2026-04-18 12:44:40.090] [6496] [HailoRT] [info] [queue_elements.cpp:450] [create] Created (PushQEl3yolov8s/input_layer1 | timeout: 10s)
[2026-04-18 12:44:40.090] [6496] [HailoRT] [info] [multi_io_elements.cpp:135] [create] Created (NmsPPMuxEl0YOLOV8-Post-Process | Op YOLOV8, Name: YOLOV8-Post-Process, Score threshold: 0.200, IoU threshold: 0.70, Classes: 3, Max bboxes per class: 100, Image height: 640, Image width: 640)
[2026-04-18 12:44:40.091] [6496] [HailoRT] [info] [queue_elements.cpp:942] [create] Created (MultiPushQEl0YOLOV8-Post-Process | timeout: 10s)
[2026-04-18 12:44:40.091] [6496] [HailoRT] [info] [edge_elements.cpp:187] [create] Created (LastAsyncEl0NmsPPMuxEl0YOLOV8-Post-Process)
[2026-04-18 12:44:40.091] [6496] [HailoRT] [info] [pipeline.cpp:891] [print_deep_description] EntryPushQEl0yolov8s/input_layer1 | inputs: user | outputs: PreInferEl3yolov8s/input_layer1(running in thread_id: 6511)
[2026-04-18 12:44:40.091] [6496] [HailoRT] [info] [pipeline.cpp:891] [print_deep_description] PreInferEl3yolov8s/input_layer1 | inputs: EntryPushQEl0yolov8s/input_layer1[0] | outputs: PushQEl3yolov8s/input_layer1
[2026-04-18 12:44:40.091] [6496] [HailoRT] [info] [pipeline.cpp:891] [print_deep_description] PushQEl3yolov8s/input_layer1 | inputs: PreInferEl3yolov8s/input_layer1[0] | outputs: AsyncHwEl(running in thread_id: 6512)
[2026-04-18 12:44:40.091] [6496] [HailoRT] [info] [pipeline.cpp:891] [print_deep_description] AsyncHwEl | inputs: PushQEl3yolov8s/input_layer1[0] | outputs: MultiPushQEl0YOLOV8-Post-Process MultiPushQEl0YOLOV8-Post-Process MultiPushQEl0YOLOV8-Post-Process MultiPushQEl0YOLOV8-Post-Process MultiPushQEl0YOLOV8-Post-Process MultiPushQEl0YOLOV8-Post-Process
[2026-04-18 12:44:40.091] [6496] [HailoRT] [info] [pipeline.cpp:891] [print_deep_description] MultiPushQEl0YOLOV8-Post-Process | inputs: AsyncHwEl[0] AsyncHwEl[1] AsyncHwEl[2] AsyncHwEl[3] AsyncHwEl[4] AsyncHwEl[5] | outputs: NmsPPMuxEl0YOLOV8-Post-Process(running in thread_id: 6513)
[2026-04-18 12:44:40.092] [6496] [HailoRT] [info] [pipeline.cpp:891] [print_deep_description] NmsPPMuxEl0YOLOV8-Post-Process | inputs: MultiPushQEl0YOLOV8-Post-Process[0] | outputs: LastAsyncEl0NmsPPMuxEl0YOLOV8-Post-Process
[2026-04-18 12:44:40.092] [6496] [HailoRT] [info] [pipeline.cpp:891] [print_deep_description] LastAsyncEl0NmsPPMuxEl0YOLOV8-Post-Process | inputs: NmsPPMuxEl0YOLOV8-Post-Process[0] | outputs: user
[2026-04-18 12:44:40.547] [6523] [HailoRT] [info] [hef.cpp:1994] [get_network_group_and_network_name] No name was given. Addressing all networks of default network_group: yolov8s
[2026-04-18 13:52:32.916] [3745] [HailoRT] [info] [device.cpp:51] [Device] OS Version: Linux 6.12.47+rpt-rpi-2712 #1 SMP PREEMPT Debian 1:6.12.47-1+rpt1 (2025-09-16) aarch64
[2026-04-18 13:52:32.917] [3745] [HailoRT] [info] [control.cpp:113] [control__parse_identify_results] firmware_version is: 4.23.0
[2026-04-18 13:52:32.917] [3745] [HailoRT] [info] [control.cpp:113] [control__parse_identify_results] firmware_version is: 4.23.0
[2026-04-18 13:52:33.103] [3742] [HailoRT] [info] [vdevice.cpp:535] [create] Creating vdevice with params: device_count: 1, scheduling_algorithm: ROUND_ROBIN, multi_process_service: false
[2026-04-18 13:52:33.115] [3742] [HailoRT] [info] [device.cpp:51] [Device] OS Version: Linux 6.12.47+rpt-rpi-2712 #1 SMP PREEMPT Debian 1:6.12.47-1+rpt1 (2025-09-16) aarch64
[2026-04-18 13:52:33.115] [3742] [HailoRT] [info] [control.cpp:113] [control__parse_identify_results] firmware_version is: 4.23.0
[2026-04-18 13:52:33.115] [3742] [HailoRT] [info] [vdevice.cpp:682] [create] VDevice Infos: 0001:01:00.0
[2026-04-18 13:52:33.121] [3742] [HailoRT] [info] [hef.cpp:1994] [get_network_group_and_network_name] No name was given. Addressing all networks of default network_group: yolov8s
[2026-04-18 13:52:33.121] [3742] [HailoRT] [info] [hef.cpp:1994] [get_network_group_and_network_name] No name was given. Addressing all networks of default network_group: yolov8s
[2026-04-18 13:52:33.122] [3742] [HailoRT] [info] [hef.cpp:1994] [get_network_group_and_network_name] No name was given. Addressing all networks of default network_group: yolov8s
[2026-04-18 13:52:33.131] [3742] [HailoRT] [info] [internal_buffer_manager.cpp:75] [print_execution_results] Default Internal buffer planner failed to meet requirements
[2026-04-18 13:52:33.131] [3742] [HailoRT] [info] [internal_buffer_manager.cpp:86] [print_execution_results] Default Internal buffer planner executed successfully
[2026-04-18 13:52:33.143] [3742] [HailoRT] [info] [device_internal.cpp:57] [configure] Configuring HEF took 20.910692 milliseconds
[2026-04-18 13:52:33.143] [3742] [HailoRT] [info] [vdevice.cpp:780] [configure] Configuring HEF on VDevice took 21.612378 milliseconds
[2026-04-18 13:52:33.143] [3742] [HailoRT] [info] [infer_model.cpp:417] [configure] Configuring network group 'yolov8s' with params: batch size: 1, power mode: PERFORMANCE, latency: NONE
[2026-04-18 13:52:33.144] [3742] [HailoRT] [info] [multi_io_elements.cpp:754] [create] Created (AsyncHwEl)
[2026-04-18 13:52:33.145] [3742] [HailoRT] [info] [queue_elements.cpp:450] [create] Created (EntryPushQEl0yolov8s/input_layer1 | timeout: 10s)
[2026-04-18 13:52:33.145] [3742] [HailoRT] [info] [filter_elements.cpp:101] [create] Created (PreInferEl3yolov8s/input_layer1 | Reorder - src_order: NHWC, src_shape: (640, 640, 3), dst_order: NHCW, dst_shape: (640, 640, 3))
[2026-04-18 13:52:33.146] [3742] [HailoRT] [info] [queue_elements.cpp:450] [create] Created (PushQEl3yolov8s/input_layer1 | timeout: 10s)
[2026-04-18 13:52:33.146] [3742] [HailoRT] [info] [multi_io_elements.cpp:135] [create] Created (NmsPPMuxEl0YOLOV8-Post-Process | Op YOLOV8, Name: YOLOV8-Post-Process, Score threshold: 0.200, IoU threshold: 0.70, Classes: 3, Max bboxes per class: 100, Image height: 640, Image width: 640)
[2026-04-18 13:52:33.146] [3742] [HailoRT] [info] [queue_elements.cpp:942] [create] Created (MultiPushQEl0YOLOV8-Post-Process | timeout: 10s)
[2026-04-18 13:52:33.146] [3742] [HailoRT] [info] [edge_elements.cpp:187] [create] Created (LastAsyncEl0NmsPPMuxEl0YOLOV8-Post-Process)
[2026-04-18 13:52:33.146] [3742] [HailoRT] [info] [pipeline.cpp:891] [print_deep_description] EntryPushQEl0yolov8s/input_layer1 | inputs: user | outputs: PreInferEl3yolov8s/input_layer1(running in thread_id: 3757)
[2026-04-18 13:52:33.147] [3742] [HailoRT] [info] [pipeline.cpp:891] [print_deep_description] PreInferEl3yolov8s/input_layer1 | inputs: EntryPushQEl0yolov8s/input_layer1[0] | outputs: PushQEl3yolov8s/input_layer1
[2026-04-18 13:52:33.147] [3742] [HailoRT] [info] [pipeline.cpp:891] [print_deep_description] PushQEl3yolov8s/input_layer1 | inputs: PreInferEl3yolov8s/input_layer1[0] | outputs: AsyncHwEl(running in thread_id: 3758)
[2026-04-18 13:52:33.147] [3742] [HailoRT] [info] [pipeline.cpp:891] [print_deep_description] AsyncHwEl | inputs: PushQEl3yolov8s/input_layer1[0] | outputs: MultiPushQEl0YOLOV8-Post-Process MultiPushQEl0YOLOV8-Post-Process MultiPushQEl0YOLOV8-Post-Process MultiPushQEl0YOLOV8-Post-Process MultiPushQEl0YOLOV8-Post-Process MultiPushQEl0YOLOV8-Post-Process
[2026-04-18 13:52:33.147] [3742] [HailoRT] [info] [pipeline.cpp:891] [print_deep_description] MultiPushQEl0YOLOV8-Post-Process | inputs: AsyncHwEl[0] AsyncHwEl[1] AsyncHwEl[2] AsyncHwEl[3] AsyncHwEl[4] AsyncHwEl[5] | outputs: NmsPPMuxEl0YOLOV8-Post-Process(running in thread_id: 3759)
[2026-04-18 13:52:33.147] [3742] [HailoRT] [info] [pipeline.cpp:891] [print_deep_description] NmsPPMuxEl0YOLOV8-Post-Process | inputs: MultiPushQEl0YOLOV8-Post-Process[0] | outputs: LastAsyncEl0NmsPPMuxEl0YOLOV8-Post-Process
[2026-04-18 13:52:33.147] [3742] [HailoRT] [info] [pipeline.cpp:891] [print_deep_description] LastAsyncEl0NmsPPMuxEl0YOLOV8-Post-Process | inputs: NmsPPMuxEl0YOLOV8-Post-Process[0] | outputs: user
[2026-04-18 13:52:34.857] [3782] [HailoRT] [info] [hef.cpp:1994] [get_network_group_and_network_name] No name was given. Addressing all networks of default network_group: yolov8s
[2026-04-18 13:53:36.053] [3930] [HailoRT] [info] [device.cpp:51] [Device] OS Version: Linux 6.12.47+rpt-rpi-2712 #1 SMP PREEMPT Debian 1:6.12.47-1+rpt1 (2025-09-16) aarch64
[2026-04-18 13:53:36.053] [3930] [HailoRT] [info] [control.cpp:113] [control__parse_identify_results] firmware_version is: 4.23.0
[2026-04-18 13:53:36.053] [3930] [HailoRT] [info] [control.cpp:113] [control__parse_identify_results] firmware_version is: 4.23.0
[2026-04-18 13:53:36.099] [3927] [HailoRT] [info] [vdevice.cpp:535] [create] Creating vdevice with params: device_count: 1, scheduling_algorithm: ROUND_ROBIN, multi_process_service: false
[2026-04-18 13:53:36.111] [3927] [HailoRT] [info] [device.cpp:51] [Device] OS Version: Linux 6.12.47+rpt-rpi-2712 #1 SMP PREEMPT Debian 1:6.12.47-1+rpt1 (2025-09-16) aarch64
[2026-04-18 13:53:36.111] [3927] [HailoRT] [info] [control.cpp:113] [control__parse_identify_results] firmware_version is: 4.23.0
[2026-04-18 13:53:36.111] [3927] [HailoRT] [info] [vdevice.cpp:682] [create] VDevice Infos: 0001:01:00.0
[2026-04-18 13:53:36.117] [3927] [HailoRT] [info] [hef.cpp:1994] [get_network_group_and_network_name] No name was given. Addressing all networks of default network_group: yolov8s
[2026-04-18 13:53:36.117] [3927] [HailoRT] [info] [hef.cpp:1994] [get_network_group_and_network_name] No name was given. Addressing all networks of default network_group: yolov8s
[2026-04-18 13:53:36.117] [3927] [HailoRT] [info] [hef.cpp:1994] [get_network_group_and_network_name] No name was given. Addressing all networks of default network_group: yolov8s
[2026-04-18 13:53:36.122] [3927] [HailoRT] [info] [internal_buffer_manager.cpp:75] [print_execution_results] Default Internal buffer planner failed to meet requirements
[2026-04-18 13:53:36.122] [3927] [HailoRT] [info] [internal_buffer_manager.cpp:86] [print_execution_results] Default Internal buffer planner executed successfully
[2026-04-18 13:53:36.133] [3927] [HailoRT] [info] [device_internal.cpp:57] [configure] Configuring HEF took 16.44157 milliseconds
[2026-04-18 13:53:36.134] [3927] [HailoRT] [info] [vdevice.cpp:780] [configure] Configuring HEF on VDevice took 16.776145 milliseconds
[2026-04-18 13:53:36.134] [3927] [HailoRT] [info] [infer_model.cpp:417] [configure] Configuring network group 'yolov8s' with params: batch size: 1, power mode: PERFORMANCE, latency: NONE
[2026-04-18 13:53:36.134] [3927] [HailoRT] [info] [multi_io_elements.cpp:754] [create] Created (AsyncHwEl)
[2026-04-18 13:53:36.134] [3927] [HailoRT] [info] [queue_elements.cpp:450] [create] Created (EntryPushQEl0yolov8s/input_layer1 | timeout: 10s)
[2026-04-18 13:53:36.134] [3927] [HailoRT] [info] [filter_elements.cpp:101] [create] Created (PreInferEl3yolov8s/input_layer1 | Reorder - src_order: NHWC, src_shape: (640, 640, 3), dst_order: NHCW, dst_shape: (640, 640, 3))
[2026-04-18 13:53:36.134] [3927] [HailoRT] [info] [queue_elements.cpp:450] [create] Created (PushQEl3yolov8s/input_layer1 | timeout: 10s)
[2026-04-18 13:53:36.134] [3927] [HailoRT] [info] [multi_io_elements.cpp:135] [create] Created (NmsPPMuxEl0YOLOV8-Post-Process | Op YOLOV8, Name: YOLOV8-Post-Process, Score threshold: 0.200, IoU threshold: 0.70, Classes: 3, Max bboxes per class: 100, Image height: 640, Image width: 640)
[2026-04-18 13:53:36.134] [3927] [HailoRT] [info] [queue_elements.cpp:942] [create] Created (MultiPushQEl0YOLOV8-Post-Process | timeout: 10s)
[2026-04-18 13:53:36.134] [3927] [HailoRT] [info] [edge_elements.cpp:187] [create] Created (LastAsyncEl0NmsPPMuxEl0YOLOV8-Post-Process)
[2026-04-18 13:53:36.134] [3927] [HailoRT] [info] [pipeline.cpp:891] [print_deep_description] EntryPushQEl0yolov8s/input_layer1 | inputs: user | outputs: PreInferEl3yolov8s/input_layer1(running in thread_id: 3942)
[2026-04-18 13:53:36.134] [3927] [HailoRT] [info] [pipeline.cpp:891] [print_deep_description] PreInferEl3yolov8s/input_layer1 | inputs: EntryPushQEl0yolov8s/input_layer1[0] | outputs: PushQEl3yolov8s/input_layer1
[2026-04-18 13:53:36.134] [3927] [HailoRT] [info] [pipeline.cpp:891] [print_deep_description] PushQEl3yolov8s/input_layer1 | inputs: PreInferEl3yolov8s/input_layer1[0] | outputs: AsyncHwEl(running in thread_id: 3943)
[2026-04-18 13:53:36.134] [3927] [HailoRT] [info] [pipeline.cpp:891] [print_deep_description] AsyncHwEl | inputs: PushQEl3yolov8s/input_layer1[0] | outputs: MultiPushQEl0YOLOV8-Post-Process MultiPushQEl0YOLOV8-Post-Process MultiPushQEl0YOLOV8-Post-Process MultiPushQEl0YOLOV8-Post-Process MultiPushQEl0YOLOV8-Post-Process MultiPushQEl0YOLOV8-Post-Process
[2026-04-18 13:53:36.134] [3927] [HailoRT] [info] [pipeline.cpp:891] [print_deep_description] MultiPushQEl0YOLOV8-Post-Process | inputs: AsyncHwEl[0] AsyncHwEl[1] AsyncHwEl[2] AsyncHwEl[3] AsyncHwEl[4] AsyncHwEl[5] | outputs: NmsPPMuxEl0YOLOV8-Post-Process(running in thread_id: 3944)
[2026-04-18 13:53:36.134] [3927] [HailoRT] [info] [pipeline.cpp:891] [print_deep_description] NmsPPMuxEl0YOLOV8-Post-Process | inputs: MultiPushQEl0YOLOV8-Post-Process[0] | outputs: LastAsyncEl0NmsPPMuxEl0YOLOV8-Post-Process
[2026-04-18 13:53:36.134] [3927] [HailoRT] [info] [pipeline.cpp:891] [print_deep_description] LastAsyncEl0NmsPPMuxEl0YOLOV8-Post-Process | inputs: NmsPPMuxEl0YOLOV8-Post-Process[0] | outputs: user
[2026-04-18 13:53:36.633] [3957] [HailoRT] [info] [hef.cpp:1994] [get_network_group_and_network_name] No name was given. Addressing all networks of default network_group: yolov8s
[2026-04-18 13:54:13.537] [4075] [HailoRT] [info] [device.cpp:51] [Device] OS Version: Linux 6.12.47+rpt-rpi-2712 #1 SMP PREEMPT Debian 1:6.12.47-1+rpt1 (2025-09-16) aarch64
[2026-04-18 13:54:13.537] [4075] [HailoRT] [info] [control.cpp:113] [control__parse_identify_results] firmware_version is: 4.23.0
[2026-04-18 13:54:13.537] [4075] [HailoRT] [info] [control.cpp:113] [control__parse_identify_results] firmware_version is: 4.23.0
[2026-04-18 13:54:13.574] [4072] [HailoRT] [info] [vdevice.cpp:535] [create] Creating vdevice with params: device_count: 1, scheduling_algorithm: ROUND_ROBIN, multi_process_service: false
[2026-04-18 13:54:13.587] [4072] [HailoRT] [info] [device.cpp:51] [Device] OS Version: Linux 6.12.47+rpt-rpi-2712 #1 SMP PREEMPT Debian 1:6.12.47-1+rpt1 (2025-09-16) aarch64
[2026-04-18 13:54:13.587] [4072] [HailoRT] [info] [control.cpp:113] [control__parse_identify_results] firmware_version is: 4.23.0
[2026-04-18 13:54:13.587] [4072] [HailoRT] [info] [vdevice.cpp:682] [create] VDevice Infos: 0001:01:00.0
[2026-04-18 13:54:13.591] [4072] [HailoRT] [info] [hef.cpp:1994] [get_network_group_and_network_name] No name was given. Addressing all networks of default network_group: yolov8s
[2026-04-18 13:54:13.591] [4072] [HailoRT] [info] [hef.cpp:1994] [get_network_group_and_network_name] No name was given. Addressing all networks of default network_group: yolov8s
[2026-04-18 13:54:13.591] [4072] [HailoRT] [info] [hef.cpp:1994] [get_network_group_and_network_name] No name was given. Addressing all networks of default network_group: yolov8s
[2026-04-18 13:54:13.597] [4072] [HailoRT] [info] [internal_buffer_manager.cpp:75] [print_execution_results] Default Internal buffer planner failed to meet requirements
[2026-04-18 13:54:13.597] [4072] [HailoRT] [info] [internal_buffer_manager.cpp:86] [print_execution_results] Default Internal buffer planner executed successfully
[2026-04-18 13:54:13.611] [4072] [HailoRT] [info] [device_internal.cpp:57] [configure] Configuring HEF took 19.481393 milliseconds
[2026-04-18 13:54:13.611] [4072] [HailoRT] [info] [vdevice.cpp:780] [configure] Configuring HEF on VDevice took 19.83056 milliseconds
[2026-04-18 13:54:13.611] [4072] [HailoRT] [info] [infer_model.cpp:417] [configure] Configuring network group 'yolov8s' with params: batch size: 1, power mode: PERFORMANCE, latency: NONE
[2026-04-18 13:54:13.611] [4072] [HailoRT] [info] [multi_io_elements.cpp:754] [create] Created (AsyncHwEl)
[2026-04-18 13:54:13.611] [4072] [HailoRT] [info] [queue_elements.cpp:450] [create] Created (EntryPushQEl0yolov8s/input_layer1 | timeout: 10s)
[2026-04-18 13:54:13.611] [4072] [HailoRT] [info] [filter_elements.cpp:101] [create] Created (PreInferEl3yolov8s/input_layer1 | Reorder - src_order: NHWC, src_shape: (640, 640, 3), dst_order: NHCW, dst_shape: (640, 640, 3))
[2026-04-18 13:54:13.611] [4072] [HailoRT] [info] [queue_elements.cpp:450] [create] Created (PushQEl3yolov8s/input_layer1 | timeout: 10s)
[2026-04-18 13:54:13.611] [4072] [HailoRT] [info] [multi_io_elements.cpp:135] [create] Created (NmsPPMuxEl0YOLOV8-Post-Process | Op YOLOV8, Name: YOLOV8-Post-Process, Score threshold: 0.200, IoU threshold: 0.70, Classes: 3, Max bboxes per class: 100, Image height: 640, Image width: 640)
[2026-04-18 13:54:13.612] [4072] [HailoRT] [info] [queue_elements.cpp:942] [create] Created (MultiPushQEl0YOLOV8-Post-Process | timeout: 10s)
[2026-04-18 13:54:13.612] [4072] [HailoRT] [info] [edge_elements.cpp:187] [create] Created (LastAsyncEl0NmsPPMuxEl0YOLOV8-Post-Process)
[2026-04-18 13:54:13.612] [4072] [HailoRT] [info] [pipeline.cpp:891] [print_deep_description] EntryPushQEl0yolov8s/input_layer1 | inputs: user | outputs: PreInferEl3yolov8s/input_layer1(running in thread_id: 4087)
[2026-04-18 13:54:13.612] [4072] [HailoRT] [info] [pipeline.cpp:891] [print_deep_description] PreInferEl3yolov8s/input_layer1 | inputs: EntryPushQEl0yolov8s/input_layer1[0] | outputs: PushQEl3yolov8s/input_layer1
[2026-04-18 13:54:13.612] [4072] [HailoRT] [info] [pipeline.cpp:891] [print_deep_description] PushQEl3yolov8s/input_layer1 | inputs: PreInferEl3yolov8s/input_layer1[0] | outputs: AsyncHwEl(running in thread_id: 4088)
[2026-04-18 13:54:13.612] [4072] [HailoRT] [info] [pipeline.cpp:891] [print_deep_description] AsyncHwEl | inputs: PushQEl3yolov8s/input_layer1[0] | outputs: MultiPushQEl0YOLOV8-Post-Process MultiPushQEl0YOLOV8-Post-Process MultiPushQEl0YOLOV8-Post-Process MultiPushQEl0YOLOV8-Post-Process MultiPushQEl0YOLOV8-Post-Process MultiPushQEl0YOLOV8-Post-Process
[2026-04-18 13:54:13.612] [4072] [HailoRT] [info] [pipeline.cpp:891] [print_deep_description] MultiPushQEl0YOLOV8-Post-Process | inputs: AsyncHwEl[0] AsyncHwEl[1] AsyncHwEl[2] AsyncHwEl[3] AsyncHwEl[4] AsyncHwEl[5] | outputs: NmsPPMuxEl0YOLOV8-Post-Process(running in thread_id: 4089)
[2026-04-18 13:54:13.612] [4072] [HailoRT] [info] [pipeline.cpp:891] [print_deep_description] NmsPPMuxEl0YOLOV8-Post-Process | inputs: MultiPushQEl0YOLOV8-Post-Process[0] | outputs: LastAsyncEl0NmsPPMuxEl0YOLOV8-Post-Process
[2026-04-18 13:54:13.612] [4072] [HailoRT] [info] [pipeline.cpp:891] [print_deep_description] LastAsyncEl0NmsPPMuxEl0YOLOV8-Post-Process | inputs: NmsPPMuxEl0YOLOV8-Post-Process[0] | outputs: user
[2026-04-18 13:54:14.081] [4099] [HailoRT] [info] [hef.cpp:1994] [get_network_group_and_network_name] No name was given. Addressing all networks of default network_group: yolov8s
[2026-04-18 14:00:38.485] [5539] [HailoRT] [info] [device.cpp:51] [Device] OS Version: Linux 6.12.47+rpt-rpi-2712 #1 SMP PREEMPT Debian 1:6.12.47-1+rpt1 (2025-09-16) aarch64
[2026-04-18 14:00:38.485] [5539] [HailoRT] [info] [control.cpp:113] [control__parse_identify_results] firmware_version is: 4.23.0
[2026-04-18 14:00:38.485] [5539] [HailoRT] [info] [control.cpp:113] [control__parse_identify_results] firmware_version is: 4.23.0
[2026-04-18 14:00:38.613] [5536] [HailoRT] [info] [vdevice.cpp:535] [create] Creating vdevice with params: device_count: 1, scheduling_algorithm: ROUND_ROBIN, multi_process_service: false
[2026-04-18 14:00:38.625] [5536] [HailoRT] [info] [device.cpp:51] [Device] OS Version: Linux 6.12.47+rpt-rpi-2712 #1 SMP PREEMPT Debian 1:6.12.47-1+rpt1 (2025-09-16) aarch64
[2026-04-18 14:00:38.625] [5536] [HailoRT] [info] [control.cpp:113] [control__parse_identify_results] firmware_version is: 4.23.0
[2026-04-18 14:00:38.625] [5536] [HailoRT] [info] [vdevice.cpp:682] [create] VDevice Infos: 0001:01:00.0
[2026-04-18 14:00:38.629] [5536] [HailoRT] [info] [hef.cpp:1994] [get_network_group_and_network_name] No name was given. Addressing all networks of default network_group: yolov8s_custom_wro
[2026-04-18 14:00:38.629] [5536] [HailoRT] [info] [hef.cpp:1994] [get_network_group_and_network_name] No name was given. Addressing all networks of default network_group: yolov8s_custom_wro
[2026-04-18 14:00:38.629] [5536] [HailoRT] [info] [hef.cpp:1994] [get_network_group_and_network_name] No name was given. Addressing all networks of default network_group: yolov8s_custom_wro
[2026-04-18 14:00:38.635] [5536] [HailoRT] [info] [internal_buffer_manager.cpp:77] [print_execution_results] Planned internal buffer memory: CMA=0 CMA-Desc=196608 Pinned=180736. memory to edge layer usage factor is 1
[2026-04-18 14:00:38.635] [5536] [HailoRT] [info] [internal_buffer_manager.cpp:86] [print_execution_results] Default Internal buffer planner executed successfully
[2026-04-18 14:00:38.651] [5536] [HailoRT] [info] [device_internal.cpp:57] [configure] Configuring HEF took 21.990907 milliseconds
[2026-04-18 14:00:38.651] [5536] [HailoRT] [info] [vdevice.cpp:780] [configure] Configuring HEF on VDevice took 22.27189 milliseconds
[2026-04-18 14:00:38.651] [5536] [HailoRT] [info] [infer_model.cpp:417] [configure] Configuring network group 'yolov8s_custom_wro' with params: batch size: 1, power mode: PERFORMANCE, latency: NONE
[2026-04-18 14:00:38.651] [5536] [HailoRT] [info] [multi_io_elements.cpp:754] [create] Created (AsyncHwEl)
[2026-04-18 14:00:38.651] [5536] [HailoRT] [info] [queue_elements.cpp:450] [create] Created (EntryPushQEl0yolov8s_custom_wro/input_layer1 | timeout: 10s)
[2026-04-18 14:00:38.651] [5536] [HailoRT] [info] [filter_elements.cpp:101] [create] Created (PreInferEl2yolov8s_custom_wro/input_layer1 | Reorder - src_order: NHWC, src_shape: (320, 320, 3), dst_order: NHCW, dst_shape: (320, 320, 3))
[2026-04-18 14:00:38.651] [5536] [HailoRT] [info] [queue_elements.cpp:450] [create] Created (PushQEl2yolov8s_custom_wro/input_layer1 | timeout: 10s)
[2026-04-18 14:00:38.652] [5536] [HailoRT] [info] [queue_elements.cpp:450] [create] Created (PushQEl0AsyncHwEl | timeout: 10s)
[2026-04-18 14:00:38.652] [5536] [HailoRT] [info] [filter_elements.cpp:372] [create] Created (PostInferEl0AsyncHwEl | Reorder - src_order: FCR, src_shape: (1, 2100, 72), dst_order: FCR, dst_shape: (1, 2100, 67) | Padding Periph shape - src_shape: (1, 2100, 72), dst_shape: (1, 2100, 67))
[2026-04-18 14:00:38.652] [5536] [HailoRT] [info] [edge_elements.cpp:187] [create] Created (LastAsyncEl0PostInferEl0AsyncHwEl)
[2026-04-18 14:00:38.652] [5536] [HailoRT] [info] [pipeline.cpp:891] [print_deep_description] EntryPushQEl0yolov8s_custom_wro/input_layer1 | inputs: user | outputs: PreInferEl2yolov8s_custom_wro/input_layer1(running in thread_id: 5551)
[2026-04-18 14:00:38.652] [5536] [HailoRT] [info] [pipeline.cpp:891] [print_deep_description] PreInferEl2yolov8s_custom_wro/input_layer1 | inputs: EntryPushQEl0yolov8s_custom_wro/input_layer1[0] | outputs: PushQEl2yolov8s_custom_wro/input_layer1
[2026-04-18 14:00:38.652] [5536] [HailoRT] [info] [pipeline.cpp:891] [print_deep_description] PushQEl2yolov8s_custom_wro/input_layer1 | inputs: PreInferEl2yolov8s_custom_wro/input_layer1[0] | outputs: AsyncHwEl(running in thread_id: 5552)
[2026-04-18 14:00:38.652] [5536] [HailoRT] [info] [pipeline.cpp:891] [print_deep_description] AsyncHwEl | inputs: PushQEl2yolov8s_custom_wro/input_layer1[0] | outputs: PushQEl0As[2026-04-18 14:01:11.829] [5770] [HailoRT] [info] [device.cpp:51] [Device] OS Version: Linux 6.12.47+rpt-rpi-2712 #1 SMP PREEMPT Debian 1:6.12.47-1+rpt1 (2025-09-16) aarch64
[2026-04-18 14:01:11.829] [5770] [HailoRT] [info] [control.cpp:113] [control__parse_identify_results] firmware_version is: 4.23.0
[2026-04-18 14:01:11.829] [5770] [HailoRT] [info] [control.cpp:113] [control__parse_identify_results] firmware_version is: 4.23.0
[2026-04-18 14:01:11.870] [5767] [HailoRT] [info] [vdevice.cpp:535] [create] Creating vdevice with params: device_count: 1, scheduling_algorithm: ROUND_ROBIN, multi_process_service: false
[2026-04-18 14:01:11.881] [5767] [HailoRT] [info] [device.cpp:51] [Device] OS Version: Linux 6.12.47+rpt-rpi-2712 #1 SMP PREEMPT Debian 1:6.12.47-1+rpt1 (2025-09-16) aarch64
[2026-04-18 14:01:11.881] [5767] [HailoRT] [info] [control.cpp:113] [control__parse_identify_results] firmware_version is: 4.23.0
[2026-04-18 14:01:11.881] [5767] [HailoRT] [info] [vdevice.cpp:682] [create] VDevice Infos: 0001:01:00.0
[2026-04-18 14:01:11.885] [5767] [HailoRT] [info] [hef.cpp:1994] [get_network_group_and_network_name] No name was given. Addressing all networks of default network_group: yolov8s
[2026-04-18 14:01:11.885] [5767] [HailoRT] [info] [hef.cpp:1994] [get_network_group_and_network_name] No name was given. Addressing all networks of default network_group: yolov8s
[2026-04-18 14:01:11.885] [5767] [HailoRT] [info] [hef.cpp:1994] [get_network_group_and_network_name] No name was given. Addressing all networks of default network_group: yolov8s
[2026-04-18 14:01:11.891] [5767] [HailoRT] [info] [internal_buffer_manager.cpp:75] [print_execution_results] Default Internal buffer planner failed to meet requirements
[2026-04-18 14:01:11.891] [5767] [HailoRT] [info] [internal_buffer_manager.cpp:86] [print_execution_results] Default Internal buffer planner executed successfully
[2026-04-18 14:01:11.906] [5767] [HailoRT] [info] [device_internal.cpp:57] [configure] Configuring HEF took 20.737979 milliseconds
[2026-04-18 14:01:11.906] [5767] [HailoRT] [info] [vdevice.cpp:780] [configure] Configuring HEF on VDevice took 21.056721 milliseconds
[2026-04-18 14:01:11.906] [5767] [HailoRT] [info] [infer_model.cpp:417] [configure] Configuring network group 'yolov8s' with params: batch size: 1, power mode: PERFORMANCE, latency: NONE
[2026-04-18 14:01:11.906] [5767] [HailoRT] [info] [multi_io_elements.cpp:754] [create] Created (AsyncHwEl)
[2026-04-18 14:01:11.907] [5767] [HailoRT] [info] [queue_elements.cpp:450] [create] Created (EntryPushQEl0yolov8s/input_layer1 | timeout: 10s)
[2026-04-18 14:01:11.907] [5767] [HailoRT] [info] [filter_elements.cpp:101] [create] Created (PreInferEl3yolov8s/input_layer1 | Reorder - src_order: NHWC, src_shape: (640, 640, 3), dst_order: NHCW, dst_shape: (640, 640, 3))
[2026-04-18 14:01:11.907] [5767] [HailoRT] [info] [queue_elements.cpp:450] [create] Created (PushQEl3yolov8s/input_layer1 | timeout: 10s)
[2026-04-18 14:01:11.907] [5767] [HailoRT] [info] [multi_io_elements.cpp:135] [create] Created (NmsPPMuxEl0YOLOV8-Post-Process | Op YOLOV8, Name: YOLOV8-Post-Process, Score threshold: 0.200, IoU threshold: 0.70, Classes: 3, Max bboxes per class: 100, Image height: 640, Image width: 640)
[2026-04-18 14:01:11.908] [5767] [HailoRT] [info] [queue_elements.cpp:942] [create] Created (MultiPushQEl0YOLOV8-Post-Process | timeout: 10s)
[2026-04-18 14:01:11.908] [5767] [HailoRT] [info] [edge_elements.cpp:187] [create] Created (LastAsyncEl0NmsPPMuxEl0YOLOV8-Post-Process)
[2026-04-18 14:01:11.908] [5767] [HailoRT] [info] [pipeline.cpp:891] [print_deep_description] EntryPushQEl0yolov8s/input_layer1 | inputs: user | outputs: PreInferEl3yolov8s/input_layer1(running in thread_id: 5788)
[2026-04-18 14:01:11.908] [5767] [HailoRT] [info] [pipeline.cpp:891] [print_deep_description] PreInferEl3yolov8s/input_layer1 | inputs: EntryPushQEl0yolov8s/input_layer1[0] | outputs: PushQEl3yolov8s/input_layer1
[2026-04-18 14:01:11.908] [5767] [HailoRT] [info] [pipeline.cpp:891] [print_deep_description] PushQEl3yolov8s/input_layer1 | inputs: PreInferEl3yolov8s/input_layer1[0] | outputs: AsyncHwEl(running in thread_id: 5789)
[2026-04-18 14:01:11.908] [5767] [HailoRT] [info] [pipeline.cpp:891] [print_deep_description] AsyncHwEl | inputs: PushQEl3yolov8s/input_layer1[0] | outputs: MultiPushQEl0YOLOV8-Post-Process MultiPushQEl0YOLOV8-Post-Process MultiPushQEl0YOLOV8-Post-Process MultiPushQEl0YOLOV8-Post-Process MultiPushQEl0YOLOV8-Post-Process MultiPushQEl0YOLOV8-Post-Process
[2026-04-18 14:01:20.693] [5866] [HailoRT] [info] [device.cpp:51] [Device] OS Version: Linux 6.12.47+rpt-rpi-2712 #1 SMP PREEMPT Debian 1:6.12.47-1+rpt1 (2025-09-16) aarch64
[2026-04-18 14:01:20.693] [5866] [HailoRT] [info] [control.cpp:113] [control__parse_identify_results] firmware_version is: 4.23.0
[2026-04-18 14:01:20.693] [5866] [HailoRT] [info] [control.cpp:113] [control__parse_identify_results] firmware_version is: 4.23.0
[2026-04-18 14:12:57.811] [6358] [HailoRT] [info] [device.cpp:51] [Device] OS Version: Linux 6.12.47+rpt-rpi-2712 #1 SMP PREEMPT Debian 1:6.12.47-1+rpt1 (2025-09-16) aarch64
[2026-04-18 14:12:57.811] [6358] [HailoRT] [info] [control.cpp:113] [control__parse_identify_results] firmware_version is: 4.23.0
[2026-04-18 14:12:57.811] [6358] [HailoRT] [info] [control.cpp:113] [control__parse_identify_results] firmware_version is: 4.23.0
[2026-04-18 14:12:57.849] [6355] [HailoRT] [info] [vdevice.cpp:535] [create] Creating vdevice with params: device_count: 1, scheduling_algorithm: ROUND_ROBIN, multi_process_service: false
[2026-04-18 14:12:57.861] [6355] [HailoRT] [info] [device.cpp:51] [Device] OS Version: Linux 6.12.47+rpt-rpi-2712 #1 SMP PREEMPT Debian 1:6.12.47-1+rpt1 (2025-09-16) aarch64
[2026-04-18 14:12:57.861] [6355] [HailoRT] [info] [control.cpp:113] [control__parse_identify_results] firmware_version is: 4.23.0
[2026-04-18 14:12:57.861] [6355] [HailoRT] [info] [vdevice.cpp:682] [create] VDevice Infos: 0001:01:00.0
[2026-04-18 14:12:57.864] [6355] [HailoRT] [info] [hef.cpp:1994] [get_network_group_and_network_name] No name was given. Addressing all networks of default network_group: yolov8n
[2026-04-18 14:12:57.864] [6355] [HailoRT] [info] [hef.cpp:1994] [get_network_group_and_network_name] No name was given. Addressing all networks of default network_group: yolov8n
[2026-04-18 14:12:57.864] [6355] [HailoRT] [info] [hef.cpp:1994] [get_network_group_and_network_name] No name was given. Addressing all networks of default network_group: yolov8n
[2026-04-18 14:12:57.870] [6355] [HailoRT] [info] [internal_buffer_manager.cpp:75] [print_execution_results] Default Internal buffer planner failed to meet requirements
[2026-04-18 14:12:57.870] [6355] [HailoRT] [info] [internal_buffer_manager.cpp:86] [print_execution_results] Default Internal buffer planner executed successfully
[2026-04-18 14:12:57.878] [6355] [HailoRT] [info] [device_internal.cpp:57] [configure] Configuring HEF took 13.965469 milliseconds
[2026-04-18 14:12:57.878] [6355] [HailoRT] [info] [vdevice.cpp:780] [configure] Configuring HEF on VDevice took 14.299376 milliseconds
[2026-04-18 14:12:57.878] [6355] [HailoRT] [info] [infer_model.cpp:417] [configure] Configuring network group 'yolov8n' with params: batch size: 1, power mode: PERFORMANCE, latency: NONE
[2026-04-18 14:12:57.878] [6355] [HailoRT] [info] [multi_io_elements.cpp:754] [create] Created (AsyncHwEl)
[2026-04-18 14:12:57.879] [6355] [HailoRT] [info] [queue_elements.cpp:450] [create] Created (EntryPushQEl0yolov8n/input_layer1 | timeout: 10s)
[2026-04-18 14:12:57.879] [6355] [HailoRT] [info] [filter_elements.cpp:101] [create] Created (PreInferEl3yolov8n/input_layer1 | Reorder - src_order: NHWC, src_shape: (640, 640, 3), dst_order: NHCW, dst_shape: (640, 640, 3))
[2026-04-18 14:12:57.879] [6355] [HailoRT] [info] [queue_elements.cpp:450] [create] Created (PushQEl3yolov8n/input_layer1 | timeout: 10s)
[2026-04-18 14:12:57.879] [6355] [HailoRT] [info] [multi_io_elements.cpp:135] [create] Created (NmsPPMuxEl0YOLOV8-Post-Process | Op YOLOV8, Name: YOLOV8-Post-Process, Score threshold: 0.200, IoU threshold: 0.70, Classes: 3, Max bboxes per class: 100, Image height: 640, Image width: 640)
[2026-04-18 14:12:57.879] [6355] [HailoRT] [info] [queue_elements.cpp:942] [create] Created (MultiPushQEl0YOLOV8-Post-Process | timeout: 10s)
[2026-04-18 14:12:57.879] [6355] [HailoRT] [info] [edge_elements.cpp:187] [create] Created (LastAsyncEl0NmsPPMuxEl0YOLOV8-Post-Process)
[2026-04-18 14:12:57.879] [6355] [HailoRT] [info] [pipeline.cpp:891] [print_deep_description] EntryPushQEl0yolov8n/input_layer1 | inputs: user | outputs: PreInferEl3yolov8n/input_layer1(running in thread_id: 6370)
[2026-04-18 14:12:57.879] [6355] [HailoRT] [info] [pipeline.cpp:891] [print_deep_description] PreInferEl3yolov8n/input_layer1 | inputs: EntryPushQEl0yolov8n/input_layer1[0] | outputs: PushQEl3yolov8n/input_layer1
[2026-04-18 14:12:57.879] [6355] [HailoRT] [info] [pipeline.cpp:891] [print_deep_description] PushQEl3yolov8n/input_layer1 | inputs: PreInferEl3yolov8n/input_layer1[0] | outputs: AsyncHwEl(running in thread_id: 6371)
[2026-04-18 14:12:57.879] [6355] [HailoRT] [info] [pipeline.cpp:891] [print_deep_description] AsyncHwEl | inputs: PushQEl3yolov8n/input_layer1[0] | outputs: MultiPushQEl0YOLOV8-Post-Process MultiPushQEl0YOLOV8-Post-Process MultiPushQEl0YOLOV8-Post-Process MultiPushQEl0YOLOV8-Post-Process MultiPushQEl0YOLOV8-Post-Process MultiPushQEl0YOLOV8-Post-Process
[2026-04-18 14:12:57.879] [6355] [HailoRT] [info] [pipeline.cpp:891] [print_deep_description] MultiPushQEl0YOLOV8-Post-Process | inputs: AsyncHwEl[0] AsyncHwEl[1] AsyncHwEl[2] AsyncHwEl[3] AsyncHwEl[4] AsyncHwEl[5] | outputs: NmsPPMuxEl0YOLOV8-Post-Process(running in thread_id: 6372)
[2026-04-18 14:12:57.879] [6355] [HailoRT] [info] [pipeline.cpp:891] [print_deep_description] NmsPPMuxEl0YOLOV8-Post-Process | inputs: MultiPushQEl0YOLOV8-Post-Process[0] | outputs: LastAsyncEl0NmsPPMuxEl0YOLOV8-Post-Process
[2026-04-18 14:12:57.879] [6355] [HailoRT] [info] [pipeline.cpp:891] [print_deep_description] LastAsyncEl0NmsPPMuxEl0YOLOV8-Post-Process | inputs: NmsPPMuxEl0YOLOV8-Post-Process[0] | outputs: user
[2026-04-18 14:12:58.342] [6382] [HailoRT] [info] [hef.cpp:1994] [get_network_group_and_network_name] No name was given. Addressing all networks of default network_group: yolov8n
[2026-04-18 16:52:12.321] [13914] [HailoRT] [info] [device.cpp:51] [Device] OS Version: Linux 6.12.47+rpt-rpi-2712 #1 SMP PREEMPT Debian 1:6.12.47-1+rpt1 (2025-09-16) aarch64
[2026-04-18 16:52:12.321] [13914] [HailoRT] [info] [control.cpp:113] [control__parse_identify_results] firmware_version is: 4.23.0
[2026-04-18 16:52:12.321] [13914] [HailoRT] [info] [control.cpp:113] [control__parse_identify_results] firmware_version is: 4.23.0
[2026-04-18 16:52:12.353] [13901] [HailoRT] [info] [vdevice.cpp:535] [create] Creating vdevice with params: device_count: 1, scheduling_algorithm: ROUND_ROBIN, multi_process_service: false
[2026-04-18 16:52:12.354] [13901] [HailoRT] [info] [device.cpp:51] [Device] OS Version: Linux 6.12.47+rpt-rpi-2712 #1 SMP PREEMPT Debian 1:6.12.47-1+rpt1 (2025-09-16) aarch64
[2026-04-18 16:52:12.354] [13901] [HailoRT] [info] [control.cpp:113] [control__parse_identify_results] firmware_version is: 4.23.0
[2026-04-18 16:52:12.382] [13901] [HailoRT] [error] [vdevice.cpp:863] [create_devices] CHECK failed - Failed to create vdevice. there are not enough free devices. requested: 1, found: 0
[2026-04-18 16:52:12.382] [13901] [HailoRT] [error] [vdevice.cpp:662] [create] CHECK_SUCCESS failed with status=HAILO_OUT_OF_PHYSICAL_DEVICES(74)
[2026-04-18 16:52:12.382] [13901] [HailoRT] [error] [shared_resource_manager.hpp:81] [register_resource] CHECK_SUCCESS failed with status=HAILO_OUT_OF_PHYSICAL_DEVICES(74)
[2026-04-18 16:52:12.382] [13901] [HailoRT] [error] [vdevice.cpp:133] [create] CHECK_SUCCESS failed with status=HAILO_OUT_OF_PHYSICAL_DEVICES(74)
[2026-04-18 16:52:12.382] [13901] [HailoRT] [error] [vdevice.cpp:567] [create] CHECK_SUCCESS failed with status=HAILO_OUT_OF_PHYSICAL_DEVICES(74)
[2026-04-18 16:53:57.755] [14722] [HailoRT] [info] [device.cpp:51] [Device] OS Version: Linux 6.12.47+rpt-rpi-2712 #1 SMP PREEMPT Debian 1:6.12.47-1+rpt1 (2025-09-16) aarch64
[2026-04-18 16:53:57.755] [14722] [HailoRT] [info] [control.cpp:113] [control__parse_identify_results] firmware_version is: 4.23.0
[2026-04-18 16:53:57.755] [14722] [HailoRT] [info] [control.cpp:113] [control__parse_identify_results] firmware_version is: 4.23.0
[2026-04-18 16:53:57.789] [14709] [HailoRT] [info] [vdevice.cpp:535] [create] Creating vdevice with params: device_count: 1, scheduling_algorithm: ROUND_ROBIN, multi_process_service: false
[2026-04-18 16:53:57.790] [14709] [HailoRT] [info] [device.cpp:51] [Device] OS Version: Linux 6.12.47+rpt-rpi-2712 #1 SMP PREEMPT Debian 1:6.12.47-1+rpt1 (2025-09-16) aarch64
[2026-04-18 16:53:57.790] [14709] [HailoRT] [info] [control.cpp:113] [control__parse_identify_results] firmware_version is: 4.23.0
[2026-04-18 16:53:57.810] [14709] [HailoRT] [error] [vdevice.cpp:863] [create_devices] CHECK failed - Failed to create vdevice. there are not enough free devices. requested: 1, found: 0
[2026-04-18 16:53:57.811] [14709] [HailoRT] [error] [vdevice.cpp:662] [create] CHECK_SUCCESS failed with status=HAILO_OUT_OF_PHYSICAL_DEVICES(74)
[2026-04-18 16:53:57.811] [14709] [HailoRT] [error] [shared_resource_manager.hpp:81] [register_resource] CHECK_SUCCESS failed with status=HAILO_OUT_OF_PHYSICAL_DEVICES(74)
[2026-04-18 16:53:57.811] [14709] [HailoRT] [error] [vdevice.cpp:133] [create] CHECK_SUCCESS failed with status=HAILO_OUT_OF_PHYSICAL_DEVICES(74)
[2026-04-18 16:53:57.811] [14709] [HailoRT] [error] [vdevice.cpp:567] [create] CHECK_SUCCESS failed with status=HAILO_OUT_OF_PHYSICAL_DEVICES(74)
[2026-04-18 16:54:06.551] [14818] [HailoRT] [info] [device.cpp:51] [Device] OS Version: Linux 6.12.47+rpt-rpi-2712 #1 SMP PREEMPT Debian 1:6.12.47-1+rpt1 (2025-09-16) aarch64
[2026-04-18 16:54:06.552] [14818] [HailoRT] [info] [control.cpp:113] [control__parse_identify_results] firmware_version is: 4.23.0
[2026-04-18 16:54:06.552] [14818] [HailoRT] [info] [control.cpp:113] [control__parse_identify_results] firmware_version is: 4.23.0
[2026-04-18 16:54:06.577] [14815] [HailoRT] [info] [vdevice.cpp:535] [create] Creating vdevice with params: device_count: 1, scheduling_algorithm: ROUND_ROBIN, multi_process_service: false
[2026-04-18 16:54:06.577] [14815] [HailoRT] [info] [device.cpp:51] [Device] OS Version: Linux 6.12.47+rpt-rpi-2712 #1 SMP PREEMPT Debian 1:6.12.47-1+rpt1 (2025-09-16) aarch64
[2026-04-18 16:54:06.578] [14815] [HailoRT] [info] [control.cpp:113] [control__parse_identify_results] firmware_version is: 4.23.0
[2026-04-18 16:54:06.594] [14815] [HailoRT] [error] [vdevice.cpp:863] [create_devices] CHECK failed - Failed to create vdevice. there are not enough free devices. requested: 1, found: 0
[2026-04-18 16:54:06.594] [14815] [HailoRT] [error] [vdevice.cpp:662] [create] CHECK_SUCCESS failed with status=HAILO_OUT_OF_PHYSICAL_DEVICES(74)
[2026-04-18 16:54:06.594] [14815] [HailoRT] [error] [shared_resource_manager.hpp:81] [register_resource] CHECK_SUCCESS failed with status=HAILO_OUT_OF_PHYSICAL_DEVICES(74)
[2026-04-18 16:54:06.594] [14815] [HailoRT] [error] [vdevice.cpp:133] [create] CHECK_SUCCESS failed with status=HAILO_OUT_OF_PHYSICAL_DEVICES(74)
[2026-04-18 16:54:06.594] [14815] [HailoRT] [error] [vdevice.cpp:567] [create] CHECK_SUCCESS failed with status=HAILO_OUT_OF_PHYSICAL_DEVICES(74)
[2026-04-18 16:55:31.162] [15457] [HailoRT] [info] [device.cpp:51] [Device] OS Version: Linux 6.12.47+rpt-rpi-2712 #1 SMP PREEMPT Debian 1:6.12.47-1+rpt1 (2025-09-16) aarch64
[2026-04-18 16:55:31.162] [15457] [HailoRT] [info] [control.cpp:113] [control__parse_identify_results] firmware_version is: 4.23.0
[2026-04-18 16:55:31.162] [15457] [HailoRT] [info] [control.cpp:113] [control__parse_identify_results] firmware_version is: 4.23.0
[2026-04-18 16:55:31.227] [15454] [HailoRT] [info] [vdevice.cpp:535] [create] Creating vdevice with params: device_count: 1, scheduling_algorithm: ROUND_ROBIN, multi_process_service: false
[2026-04-18 16:55:31.238] [15454] [HailoRT] [info] [device.cpp:51] [Device] OS Version: Linux 6.12.47+rpt-rpi-2712 #1 SMP PREEMPT Debian 1:6.12.47-1+rpt1 (2025-09-16) aarch64
[2026-04-18 16:55:31.238] [15454] [HailoRT] [info] [control.cpp:113] [control__parse_identify_results] firmware_version is: 4.23.0
[2026-04-18 16:55:31.238] [15454] [HailoRT] [info] [vdevice.cpp:682] [create] VDevice Infos: 0001:01:00.0
[2026-04-18 16:55:31.241] [15454] [HailoRT] [info] [hef.cpp:1994] [get_network_group_and_network_name] No name was given. Addressing all networks of default network_group: yolov8n
[2026-04-18 16:55:31.241] [15454] [HailoRT] [info] [hef.cpp:1994] [get_network_group_and_network_name] No name was given. Addressing all networks of default network_group: yolov8n
[2026-04-18 16:55:31.241] [15454] [HailoRT] [info] [hef.cpp:1994] [get_network_group_and_network_name] No name was given. Addressing all networks of default network_group: yolov8n
[2026-04-18 16:55:31.246] [15454] [HailoRT] [info] [internal_buffer_manager.cpp:75] [print_execution_results] Default Internal buffer planner failed to meet requirements
[2026-04-18 16:55:31.247] [15454] [HailoRT] [info] [internal_buffer_manager.cpp:86] [print_execution_results] Default Internal buffer planner executed successfully
[2026-04-18 16:55:31.254] [15454] [HailoRT] [info] [device_internal.cpp:57] [configure] Configuring HEF took 12.338196 milliseconds
[2026-04-18 16:55:31.254] [15454] [HailoRT] [info] [vdevice.cpp:780] [configure] Configuring HEF on VDevice took 12.657044 milliseconds
[2026-04-18 16:55:31.254] [15454] [HailoRT] [info] [infer_model.cpp:417] [configure] Configuring network group 'yolov8n' with params: batch size: 1, power mode: PERFORMANCE, latency: NONE
[2026-04-18 16:55:31.254] [15454] [HailoRT] [info] [multi_io_elements.cpp:754] [create] Created (AsyncHwEl)
[2026-04-18 16:55:31.254] [15454] [HailoRT] [info] [queue_elements.cpp:450] [create] Created (EntryPushQEl0yolov8n/input_layer1 | timeout: 10s)
[2026-04-18 16:55:31.254] [15454] [HailoRT] [info] [filter_elements.cpp:101] [create] Created (PreInferEl3yolov8n/input_layer1 | Reorder - src_order: NHWC, src_shape: (640, 640, 3), dst_order: NHCW, dst_shape: (640, 640, 3))
[2026-04-18 16:55:31.254] [15454] [HailoRT] [info] [queue_elements.cpp:450] [create] Created (PushQEl3yolov8n/input_layer1 | timeout: 10s)
[2026-04-18 16:55:31.254] [15454] [HailoRT] [info] [multi_io_elements.cpp:135] [create] Created (NmsPPMuxEl0YOLOV8-Post-Process | Op YOLOV8, Name: YOLOV8-Post-Process, Score threshold: 0.200, IoU threshold: 0.70, Classes: 3, Max bboxes per class: 100, Image height: 640, Image width: 640)
[2026-04-18 16:55:31.255] [15454] [HailoRT] [info] [queue_elements.cpp:942] [create] Created (MultiPushQEl0YOLOV8-Post-Process | timeout: 10s)
[2026-04-18 16:55:31.255] [15454] [HailoRT] [info] [edge_elements.cpp:187] [create] Created (LastAsyncEl0NmsPPMuxEl0YOLOV8-Post-Process)
[2026-04-18 16:55:31.255] [15454] [HailoRT] [info] [pipeline.cpp:891] [print_deep_description] EntryPushQEl0yolov8n/input_layer1 | inputs: user | outputs: PreInferEl3yolov8n/input_layer1(running in thread_id: 15469)
[2026-04-18 16:55:31.255] [15454] [HailoRT] [info] [pipeline.cpp:891] [print_deep_description] PreInferEl3yolov8n/input_layer1 | inputs: EntryPushQEl0yolov8n/input_layer1[0] | outputs: PushQEl3yolov8n/input_layer1
[2026-04-18 16:55:31.255] [15454] [HailoRT] [info] [pipeline.cpp:891] [print_deep_description] PushQEl3yolov8n/input_layer1 | inputs: PreInferEl3yolov8n/input_layer1[0] | outputs: AsyncHwEl(running in thread_id: 15470)
[2026-04-18 16:55:31.255] [15454] [HailoRT] [info] [pipeline.cpp:891] [print_deep_description] AsyncHwEl | inputs: PushQEl3yolov8n/input_layer1[0] | outputs: MultiPushQEl0YOLOV8-Post-Process MultiPushQEl0YOLOV8-Post-Process MultiPushQEl0YOLOV8-Post-Process MultiPushQEl0YOLOV8-Post-Process MultiPushQEl0YOLOV8-Post-Process MultiPushQEl0YOLOV8-Post-Process
[2026-04-18 16:55:31.255] [15454] [HailoRT] [info] [pipeline.cpp:891] [print_deep_description] MultiPushQEl0YOLOV8-Post-Process | inputs: AsyncHwEl[0] AsyncHwEl[1] AsyncHwEl[2] AsyncHwEl[3] AsyncHwEl[4] AsyncHwEl[5] | outputs: NmsPPMuxEl0YOLOV8-Post-Process(running in thread_id: 15471)
[2026-04-18 16:55:31.255] [15454] [HailoRT] [info] [pipeline.cpp:891] [print_deep_description] NmsPPMuxEl0YOLOV8-Post-Process | inputs: MultiPushQEl0YOLOV8-Post-Process[0] | outputs: LastAsyncEl0NmsPPMuxEl0YOLOV8-Post-Process
[2026-04-18 16:55:31.255] [15454] [HailoRT] [info] [pipeline.cpp:891] [print_deep_description] LastAsyncEl0NmsPPMuxEl0YOLOV8-Post-Process | inputs: NmsPPMuxEl0YOLOV8-Post-Process[0] | outputs: user
[2026-04-18 16:55:31.719] [15490] [HailoRT] [info] [hef.cpp:1994] [get_network_group_and_network_name] No name was given. Addressing all networks of default network_group: yolov8n
[2026-05-01 14:49:50.590] [3184] [HailoRT] [info] [device.cpp:51] [Device] OS Version: Linux 6.12.47+rpt-rpi-2712 #1 SMP PREEMPT Debian 1:6.12.47-1+rpt1 (2025-09-16) aarch64
[2026-05-01 14:49:50.591] [3184] [HailoRT] [info] [control.cpp:113] [control__parse_identify_results] firmware_version is: 4.23.0
[2026-05-01 14:49:50.591] [3184] [HailoRT] [info] [control.cpp:113] [control__parse_identify_results] firmware_version is: 4.23.0
[2026-05-01 14:49:50.712] [3181] [HailoRT] [info] [vdevice.cpp:535] [create] Creating vdevice with params: device_count: 1, scheduling_algorithm: ROUND_ROBIN, multi_process_service: false
[2026-05-01 14:49:50.725] [3181] [HailoRT] [info] [device.cpp:51] [Device] OS Version: Linux 6.12.47+rpt-rpi-2712 #1 SMP PREEMPT Debian 1:6.12.47-1+rpt1 (2025-09-16) aarch64
[2026-05-01 14:49:50.725] [3181] [HailoRT] [info] [control.cpp:113] [control__parse_identify_results] firmware_version is: 4.23.0
[2026-05-01 14:49:50.725] [3181] [HailoRT] [info] [vdevice.cpp:682] [create] VDevice Infos: 0001:01:00.0
[2026-05-01 14:49:50.728] [3181] [HailoRT] [info] [hef.cpp:1994] [get_network_group_and_network_name] No name was given. Addressing all networks of default network_group: yolov8n
[2026-05-01 14:49:50.728] [3181] [HailoRT] [info] [hef.cpp:1994] [get_network_group_and_network_name] No name was given. Addressing all networks of default network_group: yolov8n
[2026-05-01 14:49:50.728] [3181] [HailoRT] [info] [hef.cpp:1994] [get_network_group_and_network_name] No name was given. Addressing all networks of default network_group: yolov8n
[2026-05-01 14:49:50.738] [3181] [HailoRT] [info] [internal_buffer_manager.cpp:75] [print_execution_results] Default Internal buffer planner failed to meet requirements
[2026-05-01 14:49:50.738] [3181] [HailoRT] [info] [internal_buffer_manager.cpp:86] [print_execution_results] Default Internal buffer planner executed successfully
[2026-05-01 14:49:50.744] [3181] [HailoRT] [info] [device_internal.cpp:57] [configure] Configuring HEF took 15.758169 milliseconds
[2026-05-01 14:49:50.745] [3181] [HailoRT] [info] [vdevice.cpp:780] [configure] Configuring HEF on VDevice took 16.452635 milliseconds
[2026-05-01 14:49:50.745] [3181] [HailoRT] [info] [infer_model.cpp:417] [configure] Configuring network group 'yolov8n' with params: batch size: 1, power mode: PERFORMANCE, latency: NONE
[2026-05-01 14:49:50.745] [3181] [HailoRT] [info] [multi_io_elements.cpp:754] [create] Created (AsyncHwEl)
[2026-05-01 14:49:50.746] [3181] [HailoRT] [info] [queue_elements.cpp:450] [create] Created (EntryPushQEl0yolov8n/input_layer1 | timeout: 10s)
[2026-05-01 14:49:50.746] [3181] [HailoRT] [info] [filter_elements.cpp:101] [create] Created (PreInferEl3yolov8n/input_layer1 | Reorder - src_order: NHWC, src_shape: (640, 640, 3), dst_order: NHCW, dst_shape: (640, 640, 3))
[2026-05-01 14:49:50.746] [3181] [HailoRT] [info] [queue_elements.cpp:450] [create] Created (PushQEl3yolov8n/input_layer1 | timeout: 10s)
[2026-05-01 14:49:50.746] [3181] [HailoRT] [info] [multi_io_elements.cpp:135] [create] Created (NmsPPMuxEl0YOLOV8-Post-Process | Op YOLOV8, Name: YOLOV8-Post-Process, Score threshold: 0.200, IoU threshold: 0.70, Classes: 3, Max bboxes per class: 100, Image height: 640, Image width: 640)
[2026-05-01 14:49:50.747] [3181] [HailoRT] [info] [queue_elements.cpp:942] [create] Created (MultiPushQEl0YOLOV8-Post-Process | timeout: 10s)
[2026-05-01 14:49:50.747] [3181] [HailoRT] [info] [edge_elements.cpp:187] [create] Created (LastAsyncEl0NmsPPMuxEl0YOLOV8-Post-Process)
[2026-05-01 14:49:50.747] [3181] [HailoRT] [info] [pipeline.cpp:891] [print_deep_description] EntryPushQEl0yolov8n/input_layer1 | inputs: user | outputs: PreInferEl3yolov8n/input_layer1(running in thread_id: 3196)
[2026-05-01 14:49:50.747] [3181] [HailoRT] [info] [pipeline.cpp:891] [print_deep_description] PreInferEl3yolov8n/input_layer1 | inputs: EntryPushQEl0yolov8n/input_layer1[0] | outputs: PushQEl3yolov8n/input_layer1
[2026-05-01 14:49:50.747] [3181] [HailoRT] [info] [pipeline.cpp:891] [print_deep_description] PushQEl3yolov8n/input_layer1 | inputs: PreInferEl3yolov8n/input_layer1[0] | outputs: AsyncHwEl(running in thread_id: 3197)
[2026-05-01 14:49:50.747] [3181] [HailoRT] [info] [pipeline.cpp:891] [print_deep_description] AsyncHwEl | inputs: PushQEl3yolov8n/input_layer1[0] | outputs: MultiPushQEl0YOLOV8-Post-Process MultiPushQEl0YOLOV8-Post-Process MultiPushQEl0YOLOV8-Post-Process MultiPushQEl0YOLOV8-Post-Process MultiPushQEl0YOLOV8-Post-Process MultiPushQEl0YOLOV8-Post-Process
[2026-05-01 14:49:50.747] [3181] [HailoRT] [info] [pipeline.cpp:891] [print_deep_description] MultiPushQEl0YOLOV8-Post-Process | inputs: AsyncHwEl[0] AsyncHwEl[1] AsyncHwEl[2] AsyncHwEl[3] AsyncHwEl[4] AsyncHwEl[5] | outputs: NmsPPMuxEl0YOLOV8-Post-Process(running in thread_id: 3198)
[2026-05-01 14:49:50.747] [3181] [HailoRT] [info] [pipeline.cpp:891] [print_deep_description] NmsPPMuxEl0YOLOV8-Post-Process | inputs: MultiPushQEl0YOLOV8-Post-Process[0] | outputs: LastAsyncEl0NmsPPMuxEl0YOLOV8-Post-Process
[2026-05-01 14:49:50.747] [3181] [HailoRT] [info] [pipeline.cpp:891] [print_deep_description] LastAsyncEl0NmsPPMuxEl0YOLOV8-Post-Process | inputs: NmsPPMuxEl0YOLOV8-Post-Process[0] | outputs: user
[2026-05-01 14:49:50.761] [3181] [HailoRT] [info] [async_infer_runner.cpp:86] [shutdown] Pipeline was aborted. Shutting it down
[2026-05-01 14:49:50.761] [3181] [HailoRT] [info] [queue_elements.cpp:1131] [execute_deactivate] enqueue() in element MultiPushQEl0YOLOV8-Post-Process was aborted, got status = HAILO_SHUTDOWN_EVENT_SIGNALED(57)
[2026-05-01 14:49:50.761] [3181] [HailoRT] [info] [queue_elements.cpp:1131] [execute_deactivate] enqueue() in element MultiPushQEl0YOLOV8-Post-Process was aborted, got status = HAILO_SHUTDOWN_EVENT_SIGNALED(57)
[2026-05-01 14:49:50.761] [3181] [HailoRT] [info] [queue_elements.cpp:1131] [execute_deactivate] enqueue() in element MultiPushQEl0YOLOV8-Post-Process was aborted, got status = HAILO_SHUTDOWN_EVENT_SIGNALED(57)
[2026-05-01 14:49:50.761] [3181] [HailoRT] [info] [queue_elements.cpp:1131] [execute_deactivate] enqueue() in element MultiPushQEl0YOLOV8-Post-Process was aborted, got status = HAILO_SHUTDOWN_EVENT_SIGNALED(57)
[2026-05-01 14:49:50.761] [3181] [HailoRT] [info] [queue_elements.cpp:1131] [execute_deactivate] enqueue() in element MultiPushQEl0YOLOV8-Post-Process was aborted, got status = HAILO_SHUTDOWN_EVENT_SIGNALED(57)
[2026-05-01 14:49:50.761] [3181] [HailoRT] [info] [queue_elements.cpp:1131] [execute_deactivate] enqueue() in element MultiPushQEl0YOLOV8-Post-Process was aborted, got status = HAILO_SHUTDOWN_EVENT_SIGNALED(57)
[2026-05-01 14:49:50.761] [3181] [HailoRT] [info] [queue_elements.cpp:570] [execute_deactivate] enqueue() in element PushQEl3yolov8n/input_layer1 was aborted, got status = HAILO_SHUTDOWN_EVENT_SIGNALED(57)
[2026-05-01 14:49:50.761] [3181] [HailoRT] [info] [queue_elements.cpp:570] [execute_deactivate] enqueue() in element EntryPushQEl0yolov8n/input_layer1 was aborted, got status = HAILO_SHUTDOWN_EVENT_SIGNALED(57)
[2026-05-01 14:49:50.762] [3181] [HailoRT] [info] [queue_elements.cpp:46] [~BaseQueueElement] Queue element EntryPushQEl0yolov8n/input_layer1 has 0 frames in his Queue on destruction
[2026-05-01 14:49:50.762] [3181] [HailoRT] [info] [queue_elements.cpp:46] [~BaseQueueElement] Queue element PushQEl3yolov8n/input_layer1 has 0 frames in his Queue on destruction
[2026-05-01 14:52:09.635] [3639] [HailoRT] [info] [device.cpp:51] [Device] OS Version: Linux 6.12.47+rpt-rpi-2712 #1 SMP PREEMPT Debian 1:6.12.47-1+rpt1 (2025-09-16) aarch64
[2026-05-01 14:52:09.635] [3639] [HailoRT] [info] [control.cpp:113] [control__parse_identify_results] firmware_version is: 4.23.0
[2026-05-01 14:52:09.636] [3639] [HailoRT] [info] [control.cpp:113] [control__parse_identify_results] firmware_version is: 4.23.0
[2026-05-01 14:52:09.683] [3636] [HailoRT] [info] [vdevice.cpp:535] [create] Creating vdevice with params: device_count: 1, scheduling_algorithm: ROUND_ROBIN, multi_process_service: false
[2026-05-01 14:52:09.695] [3636] [HailoRT] [info] [device.cpp:51] [Device] OS Version: Linux 6.12.47+rpt-rpi-2712 #1 SMP PREEMPT Debian 1:6.12.47-1+rpt1 (2025-09-16) aarch64
[2026-05-01 14:52:09.695] [3636] [HailoRT] [info] [control.cpp:113] [control__parse_identify_results] firmware_version is: 4.23.0
[2026-05-01 14:52:09.695] [3636] [HailoRT] [info] [vdevice.cpp:682] [create] VDevice Infos: 0001:01:00.0
[2026-05-01 14:52:09.697] [3636] [HailoRT] [info] [hef.cpp:1994] [get_network_group_and_network_name] No name was given. Addressing all networks of default network_group: yolov8n
[2026-05-01 14:52:09.697] [3636] [HailoRT] [info] [hef.cpp:1994] [get_network_group_and_network_name] No name was given. Addressing all networks of default network_group: yolov8n
[2026-05-01 14:52:09.698] [3636] [HailoRT] [info] [hef.cpp:1994] [get_network_group_and_network_name] No name was given. Addressing all networks of default network_group: yolov8n
[2026-05-01 14:52:09.703] [3636] [HailoRT] [info] [internal_buffer_manager.cpp:75] [print_execution_results] Default Internal buffer planner failed to meet requirements
[2026-05-01 14:52:09.703] [3636] [HailoRT] [info] [internal_buffer_manager.cpp:86] [print_execution_results] Default Internal buffer planner executed successfully
[2026-05-01 14:52:09.710] [3636] [HailoRT] [info] [device_internal.cpp:57] [configure] Configuring HEF took 12.008368 milliseconds
[2026-05-01 14:52:09.710] [3636] [HailoRT] [info] [vdevice.cpp:780] [configure] Configuring HEF on VDevice took 12.32937 milliseconds
[2026-05-01 14:52:09.710] [3636] [HailoRT] [info] [infer_model.cpp:417] [configure] Configuring network group 'yolov8n' with params: batch size: 1, power mode: PERFORMANCE, latency: NONE
[2026-05-01 14:52:09.710] [3636] [HailoRT] [info] [multi_io_elements.cpp:754] [create] Created (AsyncHwEl)
[2026-05-01 14:52:09.710] [3636] [HailoRT] [info] [queue_elements.cpp:450] [create] Created (EntryPushQEl0yolov8n/input_layer1 | timeout: 10s)
[2026-05-01 14:52:09.710] [3636] [HailoRT] [info] [filter_elements.cpp:101] [create] Created (PreInferEl3yolov8n/input_layer1 | Reorder - src_order: NHWC, src_shape: (640, 640, 3), dst_order: NHCW, dst_shape: (640, 640, 3))
[2026-05-01 14:52:09.710] [3636] [HailoRT] [info] [queue_elements.cpp:450] [create] Created (PushQEl3yolov8n/input_layer1 | timeout: 10s)
[2026-05-01 14:52:09.710] [3636] [HailoRT] [info] [multi_io_elements.cpp:135] [create] Created (NmsPPMuxEl0YOLOV8-Post-Process | Op YOLOV8, Name: YOLOV8-Post-Process, Score threshold: 0.200, IoU threshold: 0.70, Classes: 3, Max bboxes per class: 100, Image height: 640, Image width: 640)
[2026-05-01 14:52:09.711] [3636] [HailoRT] [info] [queue_elements.cpp:942] [create] Created (MultiPushQEl0YOLOV8-Post-Process | timeout: 10s)
[2026-05-01 14:52:09.711] [3636] [HailoRT] [info] [edge_elements.cpp:187] [create] Created (LastAsyncEl0NmsPPMuxEl0YOLOV8-Post-Process)
[2026-05-01 14:52:09.711] [3636] [HailoRT] [info] [pipeline.cpp:891] [print_deep_description] EntryPushQEl0yolov8n/input_layer1 | inputs: user | outputs: PreInferEl3yolov8n/input_layer1(running in thread_id: 3651)
[2026-05-01 14:52:09.711] [3636] [HailoRT] [info] [pipeline.cpp:891] [print_deep_description] PreInferEl3yolov8n/input_layer1 | inputs: EntryPushQEl0yolov8n/input_layer1[0] | outputs: PushQEl3yolov8n/input_layer1
[2026-05-01 14:52:09.711] [3636] [HailoRT] [info] [pipeline.cpp:891] [print_deep_description] PushQEl3yolov8n/input_layer1 | inputs: PreInferEl3yolov8n/input_layer1[0] | outputs: AsyncHwEl(running in thread_id: 3652)
[2026-05-01 14:52:09.711] [3636] [HailoRT] [info] [pipeline.cpp:891] [print_deep_description] AsyncHwEl | inputs: PushQEl3yolov8n/input_layer1[0] | outputs: MultiPushQEl0YOLOV8-Post-Process MultiPushQEl0YOLOV8-Post-Process MultiPushQEl0YOLOV8-Post-Process MultiPushQEl0YOLOV8-Post-Process MultiPushQEl0YOLOV8-Post-Process MultiPushQEl0YOLOV8-Post-Process
[2026-05-01 14:52:09.711] [3636] [HailoRT] [info] [pipeline.cpp:891] [print_deep_description] MultiPushQEl0YOLOV8-Post-Process | inputs: AsyncHwEl[0] AsyncHwEl[1] AsyncHwEl[2] AsyncHwEl[3] AsyncHwEl[4] AsyncHwEl[5] | outputs: NmsPPMuxEl0YOLOV8-Post-Process(running in thread_id: 3653)
[2026-05-01 14:52:09.711] [3636] [HailoRT] [info] [pipeline.cpp:891] [print_deep_description] NmsPPMuxEl0YOLOV8-Post-Process | inputs: MultiPushQEl0YOLOV8-Post-Process[0] | outputs: LastAsyncEl0NmsPPMuxEl0YOLOV8-Post-Process
[2026-05-01 14:52:09.711] [3636] [HailoRT] [info] [pipeline.cpp:891] [print_deep_description] LastAsyncEl0NmsPPMuxEl0YOLOV8-Post-Process | inputs: NmsPPMuxEl0YOLOV8-Post-Process[0] | outputs: user
[2026-05-01 14:52:11.841] [3676] [HailoRT] [info] [hef.cpp:1994] [get_network_group_and_network_name] No name was given. Addressing all networks of default network_group: yolov8n
[2026-05-01 15:33:45.183] [3796] [HailoRT] [info] [device.cpp:51] [Device] OS Version: Linux 6.12.47+rpt-rpi-2712 #1 SMP PREEMPT Debian 1:6.12.47-1+rpt1 (2025-09-16) aarch64
[2026-05-01 15:33:45.183] [3796] [HailoRT] [info] [control.cpp:113] [control__parse_identify_results] firmware_version is: 4.23.0
[2026-05-01 15:33:45.183] [3796] [HailoRT] [info] [control.cpp:113] [control__parse_identify_results] firmware_version is: 4.23.0
[2026-05-01 15:33:45.227] [3793] [HailoRT] [info] [vdevice.cpp:535] [create] Creating vdevice with params: device_count: 1, scheduling_algorithm: ROUND_ROBIN, multi_process_service: false
[2026-05-01 15:33:45.239] [3793] [HailoRT] [info] [device.cpp:51] [Device] OS Version: Linux 6.12.47+rpt-rpi-2712 #1 SMP PREEMPT Debian 1:6.12.47-1+rpt1 (2025-09-16) aarch64
[2026-05-01 15:33:45.239] [3793] [HailoRT] [info] [control.cpp:113] [control__parse_identify_results] firmware_version is: 4.23.0
[2026-05-01 15:33:45.239] [3793] [HailoRT] [info] [vdevice.cpp:682] [create] VDevice Infos: 0001:01:00.0
[2026-05-01 15:33:45.242] [3793] [HailoRT] [info] [hef.cpp:1994] [get_network_group_and_network_name] No name was given. Addressing all networks of default network_group: yolov8n
[2026-05-01 15:33:45.242] [3793] [HailoRT] [info] [hef.cpp:1994] [get_network_group_and_network_name] No name was given. Addressing all networks of default network_group: yolov8n
[2026-05-01 15:33:45.242] [3793] [HailoRT] [info] [hef.cpp:1994] [get_network_group_and_network_name] No name was given. Addressing all networks of default network_group: yolov8n
[2026-05-01 15:33:45.250] [3793] [HailoRT] [info] [internal_buffer_manager.cpp:75] [print_execution_results] Default Internal buffer planner failed to meet requirements
[2026-05-01 15:33:45.250] [3793] [HailoRT] [info] [internal_buffer_manager.cpp:86] [print_execution_results] Default Internal buffer planner executed successfully
[2026-05-01 15:33:45.258] [3793] [HailoRT] [info] [device_internal.cpp:57] [configure] Configuring HEF took 15.306738 milliseconds
[2026-05-01 15:33:45.258] [3793] [HailoRT] [info] [vdevice.cpp:780] [configure] Configuring HEF on VDevice took 15.646962 milliseconds
[2026-05-01 15:33:45.258] [3793] [HailoRT] [info] [infer_model.cpp:417] [configure] Configuring network group 'yolov8n' with params: batch size: 1, power mode: PERFORMANCE, latency: NONE
[2026-05-01 15:33:45.258] [3793] [HailoRT] [info] [multi_io_elements.cpp:754] [create] Created (AsyncHwEl)
[2026-05-01 15:33:45.258] [3793] [HailoRT] [info] [queue_elements.cpp:450] [create] Created (EntryPushQEl0yolov8n/input_layer1 | timeout: 10s)
[2026-05-01 15:33:45.258] [3793] [HailoRT] [info] [filter_elements.cpp:101] [create] Created (PreInferEl3yolov8n/input_layer1 | Reorder - src_order: NHWC, src_shape: (640, 640, 3), dst_order: NHCW, dst_shape: (640, 640, 3))
[2026-05-01 15:33:45.259] [3793] [HailoRT] [info] [queue_elements.cpp:450] [create] Created (PushQEl3yolov8n/input_layer1 | timeout: 10s)
[2026-05-01 15:33:45.259] [3793] [HailoRT] [info] [multi_io_elements.cpp:135] [create] Created (NmsPPMuxEl0YOLOV8-Post-Process | Op YOLOV8, Name: YOLOV8-Post-Process, Score threshold: 0.200, IoU threshold: 0.70, Classes: 3, Max bboxes per class: 100, Image height: 640, Image width: 640)
[2026-05-01 15:33:45.259] [3793] [HailoRT] [info] [queue_elements.cpp:942] [create] Created (MultiPushQEl0YOLOV8-Post-Process | timeout: 10s)
[2026-05-01 15:33:45.259] [3793] [HailoRT] [info] [edge_elements.cpp:187] [create] Created (LastAsyncEl0NmsPPMuxEl0YOLOV8-Post-Process)
[2026-05-01 15:33:45.259] [3793] [HailoRT] [info] [pipeline.cpp:891] [print_deep_description] EntryPushQEl0yolov8n/input_layer1 | inputs: user | outputs: PreInferEl3yolov8n/input_layer1(running in thread_id: 3808)
[2026-05-01 15:33:45.259] [3793] [HailoRT] [info] [pipeline.cpp:891] [print_deep_description] PreInferEl3yolov8n/input_layer1 | inputs: EntryPushQEl0yolov8n/input_layer1[0] | outputs: PushQEl3yolov8n/input_layer1
[2026-05-01 15:33:45.259] [3793] [HailoRT] [info] [pipeline.cpp:891] [print_deep_description] PushQEl3yolov8n/input_layer1 | inputs: PreInferEl3yolov8n/input_layer1[0] | outputs: AsyncHwEl(running in thread_id: 3809)
[2026-05-01 15:33:45.259] [3793] [HailoRT] [info] [pipeline.cpp:891] [print_deep_description] AsyncHwEl | inputs: PushQEl3yolov8n/input_layer1[0] | outputs: MultiPushQEl0YOLOV8-Post-Process MultiPushQEl0YOLOV8-Post-Process MultiPushQEl0YOLOV8-Post-Process MultiPushQEl0YOLOV8-Post-Process MultiPushQEl0YOLOV8-Post-Process MultiPushQEl0YOLOV8-Post-Process
[2026-05-01 15:33:45.259] [3793] [HailoRT] [info] [pipeline.cpp:891] [print_deep_description] MultiPushQEl0YOLOV8-Post-Process | inputs: AsyncHwEl[0] AsyncHwEl[1] AsyncHwEl[2] AsyncHwEl[3] AsyncHwEl[4] AsyncHwEl[5] | outputs: NmsPPMuxEl0YOLOV8-Post-Process(running in thread_id: 3810)
[2026-05-01 15:33:45.259] [3793] [HailoRT] [info] [pipeline.cpp:891] [print_deep_description] NmsPPMuxEl0YOLOV8-Post-Process | inputs: MultiPushQEl0YOLOV8-Post-Process[0] | outputs: LastAsyncEl0NmsPPMuxEl0YOLOV8-Post-Process
[2026-05-01 15:33:45.259] [3793] [HailoRT] [info] [pipeline.cpp:891] [print_deep_description] LastAsyncEl0NmsPPMuxEl0YOLOV8-Post-Process | inputs: NmsPPMuxEl0YOLOV8-Post-Process[0] | outputs: user
[2026-05-01 15:33:45.740] [3820] [HailoRT] [info] [hef.cpp:1994] [get_network_group_and_network_name] No name was given. Addressing all networks of default network_group: yolov8n
[2026-05-01 15:38:57.219] [2029] [HailoRT] [info] [device.cpp:51] [Device] OS Version: Linux 6.12.47+rpt-rpi-2712 #1 SMP PREEMPT Debian 1:6.12.47-1+rpt1 (2025-09-16) aarch64
[2026-05-01 15:38:57.220] [2029] [HailoRT] [info] [control.cpp:113] [control__parse_identify_results] firmware_version is: 4.23.0
[2026-05-01 15:38:57.220] [2029] [HailoRT] [info] [control.cpp:113] [control__parse_identify_results] firmware_version is: 4.23.0
[2026-05-01 15:38:57.350] [2026] [HailoRT] [info] [vdevice.cpp:535] [create] Creating vdevice with params: device_count: 1, scheduling_algorithm: ROUND_ROBIN, multi_process_service: false
[2026-05-01 15:38:57.363] [2026] [HailoRT] [info] [device.cpp:51] [Device] OS Version: Linux 6.12.47+rpt-rpi-2712 #1 SMP PREEMPT Debian 1:6.12.47-1+rpt1 (2025-09-16) aarch64
[2026-05-01 15:38:57.363] [2026] [HailoRT] [info] [control.cpp:113] [control__parse_identify_results] firmware_version is: 4.23.0
[2026-05-01 15:38:57.363] [2026] [HailoRT] [info] [vdevice.cpp:682] [create] VDevice Infos: 0001:01:00.0
[2026-05-01 15:38:57.366] [2026] [HailoRT] [info] [hef.cpp:1994] [get_network_group_and_network_name] No name was given. Addressing all networks of default network_group: yolov8n
[2026-05-01 15:38:57.366] [2026] [HailoRT] [info] [hef.cpp:1994] [get_network_group_and_network_name] No name was given. Addressing all networks of default network_group: yolov8n
[2026-05-01 15:38:57.366] [2026] [HailoRT] [info] [hef.cpp:1994] [get_network_group_and_network_name] No name was given. Addressing all networks of default network_group: yolov8n
[2026-05-01 15:38:57.376] [2026] [HailoRT] [info] [internal_buffer_manager.cpp:75] [print_execution_results] Default Internal buffer planner failed to meet requirements
[2026-05-01 15:38:57.376] [2026] [HailoRT] [info] [internal_buffer_manager.cpp:86] [print_execution_results] Default Internal buffer planner executed successfully
[2026-05-01 15:38:57.382] [2026] [HailoRT] [info] [device_internal.cpp:57] [configure] Configuring HEF took 15.700044 milliseconds
[2026-05-01 15:38:57.382] [2026] [HailoRT] [info] [vdevice.cpp:780] [configure] Configuring HEF on VDevice took 16.388824 milliseconds
[2026-05-01 15:38:57.382] [2026] [HailoRT] [info] [infer_model.cpp:417] [configure] Configuring network group 'yolov8n' with params: batch size: 1, power mode: PERFORMANCE, latency: NONE
[2026-05-01 15:38:57.390] [2026] [HailoRT] [info] [multi_io_elements.cpp:754] [create] Created (AsyncHwEl)
[2026-05-01 15:38:57.392] [2026] [HailoRT] [info] [queue_elements.cpp:450] [create] Created (EntryPushQEl0yolov8n/input_layer1 | timeout: 10s)
[2026-05-01 15:38:57.393] [2026] [HailoRT] [info] [filter_elements.cpp:101] [create] Created (PreInferEl3yolov8n/input_layer1 | Reorder - src_order: NHWC, src_shape: (640, 640, 3), dst_order: NHCW, dst_shape: (640, 640, 3))
[2026-05-01 15:38:57.393] [2026] [HailoRT] [info] [queue_elements.cpp:450] [create] Created (PushQEl3yolov8n/input_layer1 | timeout: 10s)
[2026-05-01 15:38:57.393] [2026] [HailoRT] [info] [multi_io_elements.cpp:135] [create] Created (NmsPPMuxEl0YOLOV8-Post-Process | Op YOLOV8, Name: YOLOV8-Post-Process, Score threshold: 0.200, IoU threshold: 0.70, Classes: 3, Max bboxes per class: 100, Image height: 640, Image width: 640)
[2026-05-01 15:38:57.393] [2026] [HailoRT] [info] [queue_elements.cpp:942] [create] Created (MultiPushQEl0YOLOV8-Post-Process | timeout: 10s)
[2026-05-01 15:38:57.393] [2026] [HailoRT] [info] [edge_elements.cpp:187] [create] Created (LastAsyncEl0NmsPPMuxEl0YOLOV8-Post-Process)
[2026-05-01 15:38:57.393] [2026] [HailoRT] [info] [pipeline.cpp:891] [print_deep_description] EntryPushQEl0yolov8n/input_layer1 | inputs: user | outputs: PreInferEl3yolov8n/input_layer1(running in thread_id: 2041)
[2026-05-01 15:38:57.394] [2026] [HailoRT] [info] [pipeline.cpp:891] [print_deep_description] PreInferEl3yolov8n/input_layer1 | inputs: EntryPushQEl0yolov8n/input_layer1[0] | outputs: PushQEl3yolov8n/input_layer1
[2026-05-01 15:38:57.394] [2026] [HailoRT] [info] [pipeline.cpp:891] [print_deep_description] PushQEl3yolov8n/input_layer1 | inputs: PreInferEl3yolov8n/input_layer1[0] | outputs: AsyncHwEl(running in thread_id: 2042)
[2026-05-01 15:38:57.394] [2026] [HailoRT] [info] [pipeline.cpp:891] [print_deep_description] AsyncHwEl | inputs: PushQEl3yolov8n/input_layer1[0] | outputs: MultiPushQEl0YOLOV8-Post-Process MultiPushQEl0YOLOV8-Post-Process MultiPushQEl0YOLOV8-Post-Process MultiPushQEl0YOLOV8-Post-Process MultiPushQEl0YOLOV8-Post-Process MultiPushQEl0YOLOV8-Post-Process
[2026-05-01 15:38:57.394] [2026] [HailoRT] [info] [pipeline.cpp:891] [print_deep_description] MultiPushQEl0YOLOV8-Post-Process | inputs: AsyncHwEl[0] AsyncHwEl[1] AsyncHwEl[2] AsyncHwEl[3] AsyncHwEl[4] AsyncHwEl[5] | outputs: NmsPPMuxEl0YOLOV8-Post-Process(running in thread_id: 2043)
[2026-05-01 15:38:57.394] [2026] [HailoRT] [info] [pipeline.cpp:891] [print_deep_description] NmsPPMuxEl0YOLOV8-Post-Process | inputs: MultiPushQEl0YOLOV8-Post-Process[0] | outputs: LastAsyncEl0NmsPPMuxEl0YOLOV8-Post-Process
[2026-05-01 15:38:57.394] [2026] [HailoRT] [info] [pipeline.cpp:891] [print_deep_description] LastAsyncEl0NmsPPMuxEl0YOLOV8-Post-Process | inputs: NmsPPMuxEl0YOLOV8-Post-Process[0] | outputs: user
[2026-05-01 15:38:59.718] [2066] [HailoRT] [info] [hef.cpp:1994] [get_network_group_and_network_name] No name was given. Addressing all networks of default network_group: yolov8n
[2026-05-01 16:05:28.879] [9715] [HailoRT] [info] [device.cpp:51] [Device] OS Version: Linux 6.12.47+rpt-rpi-2712 #1 SMP PREEMPT Debian 1:6.12.47-1+rpt1 (2025-09-16) aarch64
[2026-05-01 16:05:28.880] [9715] [HailoRT] [info] [control.cpp:113] [control__parse_identify_results] firmware_version is: 4.23.0
[2026-05-01 16:05:28.880] [9715] [HailoRT] [info] [control.cpp:113] [control__parse_identify_results] firmware_version is: 4.23.0
[2026-05-01 16:05:28.948] [9712] [HailoRT] [info] [vdevice.cpp:535] [create] Creating vdevice with params: device_count: 1, scheduling_algorithm: ROUND_ROBIN, multi_process_service: false
[2026-05-01 16:05:28.959] [9712] [HailoRT] [info] [device.cpp:51] [Device] OS Version: Linux 6.12.47+rpt-rpi-2712 #1 SMP PREEMPT Debian 1:6.12.47-1+rpt1 (2025-09-16) aarch64
[2026-05-01 16:05:28.960] [9712] [HailoRT] [info] [control.cpp:113] [control__parse_identify_results] firmware_version is: 4.23.0
[2026-05-01 16:05:28.960] [9712] [HailoRT] [info] [vdevice.cpp:682] [create] VDevice Infos: 0001:01:00.0
[2026-05-01 16:05:28.963] [9712] [HailoRT] [info] [hef.cpp:1994] [get_network_group_and_network_name] No name was given. Addressing all networks of default network_group: yolov8n
[2026-05-01 16:05:28.963] [9712] [HailoRT] [info] [hef.cpp:1994] [get_network_group_and_network_name] No name was given. Addressing all networks of default network_group: yolov8n
[2026-05-01 16:05:28.963] [9712] [HailoRT] [info] [hef.cpp:1994] [get_network_group_and_network_name] No name was given. Addressing all networks of default network_group: yolov8n
[2026-05-01 16:05:28.969] [9712] [HailoRT] [info] [internal_buffer_manager.cpp:75] [print_execution_results] Default Internal buffer planner failed to meet requirements
[2026-05-01 16:05:28.969] [9712] [HailoRT] [info] [internal_buffer_manager.cpp:86] [print_execution_results] Default Internal buffer planner executed successfully
[2026-05-01 16:05:28.976] [9712] [HailoRT] [info] [device_internal.cpp:57] [configure] Configuring HEF took 12.992271 milliseconds
[2026-05-01 16:05:28.976] [9712] [HailoRT] [info] [vdevice.cpp:780] [configure] Configuring HEF on VDevice took 13.348678 milliseconds
[2026-05-01 16:05:28.976] [9712] [HailoRT] [info] [infer_model.cpp:417] [configure] Configuring network group 'yolov8n' with params: batch size: 1, power mode: PERFORMANCE, latency: NONE
[2026-05-01 16:05:28.976] [9712] [HailoRT] [info] [multi_io_elements.cpp:754] [create] Created (AsyncHwEl)
[2026-05-01 16:05:28.977] [9712] [HailoRT] [info] [queue_elements.cpp:450] [create] Created (EntryPushQEl0yolov8n/input_layer1 | timeout: 10s)
[2026-05-01 16:05:28.977] [9712] [HailoRT] [info] [filter_elements.cpp:101] [create] Created (PreInferEl3yolov8n/input_layer1 | Reorder - src_order: NHWC, src_shape: (640, 640, 3), dst_order: NHCW, dst_shape: (640, 640, 3))
[2026-05-01 16:05:28.977] [9712] [HailoRT] [info] [queue_elements.cpp:450] [create] Created (PushQEl3yolov8n/input_layer1 | timeout: 10s)
[2026-05-01 16:05:28.977] [9712] [HailoRT] [info] [multi_io_elements.cpp:135] [create] Created (NmsPPMuxEl0YOLOV8-Post-Process | Op YOLOV8, Name: YOLOV8-Post-Process, Score threshold: 0.200, IoU threshold: 0.70, Classes: 3, Max bboxes per class: 100, Image height: 640, Image width: 640)
[2026-05-01 16:05:28.977] [9712] [HailoRT] [info] [queue_elements.cpp:942] [create] Created (MultiPushQEl0YOLOV8-Post-Process | timeout: 10s)
[2026-05-01 16:05:28.977] [9712] [HailoRT] [info] [edge_elements.cpp:187] [create] Created (LastAsyncEl0NmsPPMuxEl0YOLOV8-Post-Process)
[2026-05-01 16:05:28.977] [9712] [HailoRT] [info] [pipeline.cpp:891] [print_deep_description] EntryPushQEl0yolov8n/input_layer1 | inputs: user | outputs: PreInferEl3yolov8n/input_layer1(running in thread_id: 9727)
[2026-05-01 16:05:28.977] [9712] [HailoRT] [info] [pipeline.cpp:891] [print_deep_description] PreInferEl3yolov8n/input_layer1 | inputs: EntryPushQEl0yolov8n/input_layer1[0] | outputs: PushQEl3yolov8n/input_layer1
[2026-05-01 16:05:28.977] [9712] [HailoRT] [info] [pipeline.cpp:891] [print_deep_description] PushQEl3yolov8n/input_layer1 | inputs: PreInferEl3yolov8n/input_layer1[0] | outputs: AsyncHwEl(running in thread_id: 9728)
[2026-05-01 16:05:28.977] [9712] [HailoRT] [info] [pipeline.cpp:891] [print_deep_description] AsyncHwEl | inputs: PushQEl3yolov8n/input_layer1[0] | outputs: MultiPushQEl0YOLOV8-Post-Process MultiPushQEl0YOLOV8-Post-Process MultiPushQEl0YOLOV8-Post-Process MultiPushQEl0YOLOV8-Post-Process MultiPushQEl0YOLOV8-Post-Process MultiPushQEl0YOLOV8-Post-Process
[2026-05-01 16:05:28.977] [9712] [HailoRT] [info] [pipeline.cpp:891] [print_deep_description] MultiPushQEl0YOLOV8-Post-Process | inputs: AsyncHwEl[0] AsyncHwEl[1] AsyncHwEl[2] AsyncHwEl[3] AsyncHwEl[4] AsyncHwEl[5] | outputs: NmsPPMuxEl0YOLOV8-Post-Process(running in thread_id: 9729)
[2026-05-01 16:05:28.977] [9712] [HailoRT] [info] [pipeline.cpp:891] [print_deep_description] NmsPPMuxEl0YOLOV8-Post-Process | inputs: MultiPushQEl0YOLOV8-Post-Process[0] | outputs: LastAsyncEl0NmsPPMuxEl0YOLOV8-Post-Process
[2026-05-01 16:05:28.977] [9712] [HailoRT] [info] [pipeline.cpp:891] [print_deep_description] LastAsyncEl0NmsPPMuxEl0YOLOV8-Post-Process | inputs: NmsPPMuxEl0YOLOV8-Post-Process[0] | outputs: user
[2026-05-01 16:05:29.438] [9739] [HailoRT] [info] [hef.cpp:1994] [get_network_group_and_network_name] No name was given. Addressing all networks of default network_group: yolov8n
[2026-05-01 16:34:29.179] [11424] [HailoRT] [info] [device.cpp:51] [Device] OS Version: Linux 6.12.47+rpt-rpi-2712 #1 SMP PREEMPT Debian 1:6.12.47-1+rpt1 (2025-09-16) aarch64
[2026-05-01 16:34:29.180] [11424] [HailoRT] [info] [control.cpp:113] [control__parse_identify_results] firmware_version is: 4.23.0
[2026-05-01 16:34:29.180] [11424] [HailoRT] [info] [control.cpp:113] [control__parse_identify_results] firmware_version is: 4.23.0
[2026-05-01 16:34:29.239] [11418] [HailoRT] [info] [vdevice.cpp:535] [create] Creating vdevice with params: device_count: 1, scheduling_algorithm: ROUND_ROBIN, multi_process_service: false
[2026-05-01 16:34:29.251] [11418] [HailoRT] [info] [device.cpp:51] [Device] OS Version: Linux 6.12.47+rpt-rpi-2712 #1 SMP PREEMPT Debian 1:6.12.47-1+rpt1 (2025-09-16) aarch64
[2026-05-01 16:34:29.252] [11418] [HailoRT] [info] [control.cpp:113] [control__parse_identify_results] firmware_version is: 4.23.0
[2026-05-01 16:34:29.252] [11418] [HailoRT] [info] [vdevice.cpp:682] [create] VDevice Infos: 0001:01:00.0
[2026-05-01 16:34:29.255] [11418] [HailoRT] [info] [hef.cpp:1994] [get_network_group_and_network_name] No name was given. Addressing all networks of default network_group: yolov8n
[2026-05-01 16:34:29.255] [11418] [HailoRT] [info] [hef.cpp:1994] [get_network_group_and_network_name] No name was given. Addressing all networks of default network_group: yolov8n
[2026-05-01 16:34:29.255] [11418] [HailoRT] [info] [hef.cpp:1994] [get_network_group_and_network_name] No name was given. Addressing all networks of default network_group: yolov8n
[2026-05-01 16:34:29.261] [11418] [HailoRT] [info] [internal_buffer_manager.cpp:75] [print_execution_results] Default Internal buffer planner failed to meet requirements
[2026-05-01 16:34:29.261] [11418] [HailoRT] [info] [internal_buffer_manager.cpp:86] [print_execution_results] Default Internal buffer planner executed successfully
[2026-05-01 16:34:29.267] [11418] [HailoRT] [info] [device_internal.cpp:57] [configure] Configuring HEF took 12.169928 milliseconds
[2026-05-01 16:34:29.268] [11418] [HailoRT] [info] [vdevice.cpp:780] [configure] Configuring HEF on VDevice took 12.497984 milliseconds
[2026-05-01 16:34:29.268] [11418] [HailoRT] [info] [infer_model.cpp:417] [configure] Configuring network group 'yolov8n' with params: batch size: 1, power mode: PERFORMANCE, latency: NONE
[2026-05-01 16:34:29.268] [11418] [HailoRT] [info] [multi_io_elements.cpp:754] [create] Created (AsyncHwEl)
[2026-05-01 16:34:29.268] [11418] [HailoRT] [info] [queue_elements.cpp:450] [create] Created (EntryPushQEl0yolov8n/input_layer1 | timeout: 10s)
[2026-05-01 16:34:29.268] [11418] [HailoRT] [info] [filter_elements.cpp:101] [create] Created (PreInferEl3yolov8n/input_layer1 | Reorder - src_order: NHWC, src_shape: (640, 640, 3), dst_order: NHCW, dst_shape: (640, 640, 3))
[2026-05-01 16:34:29.268] [11418] [HailoRT] [info] [queue_elements.cpp:450] [create] Created (PushQEl3yolov8n/input_layer1 | timeout: 10s)
[2026-05-01 16:34:29.268] [11418] [HailoRT] [info] [multi_io_elements.cpp:135] [create] Created (NmsPPMuxEl0YOLOV8-Post-Process | Op YOLOV8, Name: YOLOV8-Post-Process, Score threshold: 0.200, IoU threshold: 0.70, Classes: 3, Max bboxes per class: 100, Image height: 640, Image width: 640)
[2026-05-01 16:34:29.268] [11418] [HailoRT] [info] [queue_elements.cpp:942] [create] Created (MultiPushQEl0YOLOV8-Post-Process | timeout: 10s)
[2026-05-01 16:34:29.268] [11418] [HailoRT] [info] [edge_elements.cpp:187] [create] Created (LastAsyncEl0NmsPPMuxEl0YOLOV8-Post-Process)
[2026-05-01 16:34:29.268] [11418] [HailoRT] [info] [pipeline.cpp:891] [print_deep_description] EntryPushQEl0yolov8n/input_layer1 | inputs: user | outputs: PreInferEl3yolov8n/input_layer1(running in thread_id: 11436)
[2026-05-01 16:34:29.268] [11418] [HailoRT] [info] [pipeline.cpp:891] [print_deep_description] PreInferEl3yolov8n/input_layer1 | inputs: EntryPushQEl0yolov8n/input_layer1[0] | outputs: PushQEl3yolov8n/input_layer1
[2026-05-01 16:34:29.268] [11418] [HailoRT] [info] [pipeline.cpp:891] [print_deep_description] PushQEl3yolov8n/input_layer1 | inputs: PreInferEl3yolov8n/input_layer1[0] | outputs: AsyncHwEl(running in thread_id: 11437)
[2026-05-01 16:34:29.268] [11418] [HailoRT] [info] [pipeline.cpp:891] [print_deep_description] AsyncHwEl | inputs: PushQEl3yolov8n/input_layer1[0] | outputs: MultiPushQEl0YOLOV8-Post-Process MultiPushQEl0YOLOV8-Post-Process MultiPushQEl0YOLOV8-Post-Process MultiPushQEl0YOLOV8-Post-Process MultiPushQEl0YOLOV8-Post-Process MultiPushQEl0YOLOV8-Post-Process
[2026-05-01 16:34:29.268] [11418] [HailoRT] [info] [pipeline.cpp:891] [print_deep_description] MultiPushQEl0YOLOV8-Post-Process | inputs: AsyncHwEl[0] AsyncHwEl[1] AsyncHwEl[2] AsyncHwEl[3] AsyncHwEl[4] AsyncHwEl[5] | outputs: NmsPPMuxEl0YOLOV8-Post-Process(running in thread_id: 11438)
[2026-05-01 16:34:29.268] [11418] [HailoRT] [info] [pipeline.cpp:891] [print_deep_description] NmsPPMuxEl0YOLOV8-Post-Process | inputs: MultiPushQEl0YOLOV8-Post-Process[0] | outputs: LastAsyncEl0NmsPPMuxEl0YOLOV8-Post-Process
[2026-05-01 16:34:29.268] [11418] [HailoRT] [info] [pipeline.cpp:891] [print_deep_description] LastAsyncEl0NmsPPMuxEl0YOLOV8-Post-Process | inputs: NmsPPMuxEl0YOLOV8-Post-Process[0] | outputs: user
[2026-05-01 16:34:29.761] [11448] [HailoRT] [info] [hef.cpp:1994] [get_network_group_and_network_name] No name was given. Addressing all networks of default network_group: yolov8n
[2026-05-01 16:40:14.922] [11773] [HailoRT] [info] [device.cpp:51] [Device] OS Version: Linux 6.12.47+rpt-rpi-2712 #1 SMP PREEMPT Debian 1:6.12.47-1+rpt1 (2025-09-16) aarch64
[2026-05-01 16:40:14.922] [11773] [HailoRT] [info] [control.cpp:113] [control__parse_identify_results] firmware_version is: 4.23.0
[2026-05-01 16:40:14.923] [11773] [HailoRT] [info] [control.cpp:113] [control__parse_identify_results] firmware_version is: 4.23.0
[2026-05-01 16:40:14.955] [11770] [HailoRT] [info] [vdevice.cpp:535] [create] Creating vdevice with params: device_count: 1, scheduling_algorithm: ROUND_ROBIN, multi_process_service: false
[2026-05-01 16:40:14.967] [11770] [HailoRT] [info] [device.cpp:51] [Device] OS Version: Linux 6.12.47+rpt-rpi-2712 #1 SMP PREEMPT Debian 1:6.12.47-1+rpt1 (2025-09-16) aarch64
[2026-05-01 16:40:14.968] [11770] [HailoRT] [info] [control.cpp:113] [control__parse_identify_results] firmware_version is: 4.23.0
[2026-05-01 16:40:14.968] [11770] [HailoRT] [info] [vdevice.cpp:682] [create] VDevice Infos: 0001:01:00.0
[2026-05-01 16:40:14.971] [11770] [HailoRT] [info] [hef.cpp:1994] [get_network_group_and_network_name] No name was given. Addressing all networks of default network_group: yolov8n
[2026-05-01 16:40:14.971] [11770] [HailoRT] [info] [hef.cpp:1994] [get_network_group_and_network_name] No name was given. Addressing all networks of default network_group: yolov8n
[2026-05-01 16:40:14.971] [11770] [HailoRT] [info] [hef.cpp:1994] [get_network_group_and_network_name] No name was given. Addressing all networks of default network_group: yolov8n
[2026-05-01 16:40:14.977] [11770] [HailoRT] [info] [internal_buffer_manager.cpp:75] [print_execution_results] Default Internal buffer planner failed to meet requirements
[2026-05-01 16:40:14.977] [11770] [HailoRT] [info] [internal_buffer_manager.cpp:86] [print_execution_results] Default Internal buffer planner executed successfully
[2026-05-01 16:40:14.984] [11770] [HailoRT] [info] [device_internal.cpp:57] [configure] Configuring HEF took 12.354298 milliseconds
[2026-05-01 16:40:14.984] [11770] [HailoRT] [info] [vdevice.cpp:780] [configure] Configuring HEF on VDevice took 12.714927 milliseconds
[2026-05-01 16:40:14.984] [11770] [HailoRT] [info] [infer_model.cpp:417] [configure] Configuring network group 'yolov8n' with params: batch size: 1, power mode: PERFORMANCE, latency: NONE
[2026-05-01 16:40:14.984] [11770] [HailoRT] [info] [multi_io_elements.cpp:754] [create] Created (AsyncHwEl)
[2026-05-01 16:40:14.984] [11770] [HailoRT] [info] [queue_elements.cpp:450] [create] Created (EntryPushQEl0yolov8n/input_layer1 | timeout: 10s)
[2026-05-01 16:40:14.984] [11770] [HailoRT] [info] [filter_elements.cpp:101] [create] Created (PreInferEl3yolov8n/input_layer1 | Reorder - src_order: NHWC, src_shape: (640, 640, 3), dst_order: NHCW, dst_shape: (640, 640, 3))
[2026-05-01 16:40:14.984] [11770] [HailoRT] [info] [queue_elements.cpp:450] [create] Created (PushQEl3yolov8n/input_layer1 | timeout: 10s)
[2026-05-01 16:40:14.984] [11770] [HailoRT] [info] [multi_io_elements.cpp:135] [create] Created (NmsPPMuxEl0YOLOV8-Post-Process | Op YOLOV8, Name: YOLOV8-Post-Process, Score threshold: 0.200, IoU threshold: 0.70, Classes: 3, Max bboxes per class: 100, Image height: 640, Image width: 640)
[2026-05-01 16:40:14.984] [11770] [HailoRT] [info] [queue_elements.cpp:942] [create] Created (MultiPushQEl0YOLOV8-Post-Process | timeout: 10s)
[2026-05-01 16:40:14.985] [11770] [HailoRT] [info] [edge_elements.cpp:187] [create] Created (LastAsyncEl0NmsPPMuxEl0YOLOV8-Post-Process)
[2026-05-01 16:40:14.985] [11770] [HailoRT] [info] [pipeline.cpp:891] [print_deep_description] EntryPushQEl0yolov8n/input_layer1 | inputs: user | outputs: PreInferEl3yolov8n/input_layer1(running in thread_id: 11785)
[2026-05-01 16:40:14.985] [11770] [HailoRT] [info] [pipeline.cpp:891] [print_deep_description] PreInferEl3yolov8n/input_layer1 | inputs: EntryPushQEl0yolov8n/input_layer1[0] | outputs: PushQEl3yolov8n/input_layer1
[2026-05-01 16:40:14.985] [11770] [HailoRT] [info] [pipeline.cpp:891] [print_deep_description] PushQEl3yolov8n/input_layer1 | inputs: PreInferEl3yolov8n/input_layer1[0] | outputs: AsyncHwEl(running in thread_id: 11786)
[2026-05-01 16:40:14.985] [11770] [HailoRT] [info] [pipeline.cpp:891] [print_deep_description] AsyncHwEl | inputs: PushQEl3yolov8n/input_layer1[0] | outputs: MultiPushQEl0YOLOV8-Post-Process MultiPushQEl0YOLOV8-Post-Process MultiPushQEl0YOLOV8-Post-Process MultiPushQEl0YOLOV8-Post-Process MultiPushQEl0YOLOV8-Post-Process MultiPushQEl0YOLOV8-Post-Process
[2026-05-01 16:40:14.985] [11770] [HailoRT] [info] [pipeline.cpp:891] [print_deep_description] MultiPushQEl0YOLOV8-Post-Process | inputs: AsyncHwEl[0] AsyncHwEl[1] AsyncHwEl[2] AsyncHwEl[3] AsyncHwEl[4] AsyncHwEl[5] | outputs: NmsPPMuxEl0YOLOV8-Post-Process(running in thread_id: 11787)
[2026-05-01 16:40:14.985] [11770] [HailoRT] [info] [pipeline.cpp:891] [print_deep_description] NmsPPMuxEl0YOLOV8-Post-Process | inputs: MultiPushQEl0YOLOV8-Post-Process[0] | outputs: LastAsyncEl0NmsPPMuxEl0YOLOV8-Post-Process
[2026-05-01 16:40:14.985] [11770] [HailoRT] [info] [pipeline.cpp:891] [print_deep_description] LastAsyncEl0NmsPPMuxEl0YOLOV8-Post-Process | inputs: NmsPPMuxEl0YOLOV8-Post-Process[0] | outputs: user
[2026-05-01 16:40:15.442] [11798] [HailoRT] [info] [hef.cpp:1994] [get_network_group_and_network_name] No name was given. Addressing all networks of default network_group: yolov8n
[2026-05-01 16:40:53.354] [12046] [HailoRT] [info] [device.cpp:51] [Device] OS Version: Linux 6.12.47+rpt-rpi-2712 #1 SMP PREEMPT Debian 1:6.12.47-1+rpt1 (2025-09-16) aarch64
[2026-05-01 16:40:53.354] [12046] [HailoRT] [info] [control.cpp:113] [control__parse_identify_results] firmware_version is: 4.23.0
[2026-05-01 16:40:53.354] [12046] [HailoRT] [info] [control.cpp:113] [control__parse_identify_results] firmware_version is: 4.23.0
[2026-05-01 16:40:53.395] [12034] [HailoRT] [info] [vdevice.cpp:535] [create] Creating vdevice with params: device_count: 1, scheduling_algorithm: ROUND_ROBIN, multi_process_service: false
[2026-05-01 16:40:53.407] [12034] [HailoRT] [info] [device.cpp:51] [Device] OS Version: Linux 6.12.47+rpt-rpi-2712 #1 SMP PREEMPT Debian 1:6.12.47-1+rpt1 (2025-09-16) aarch64
[2026-05-01 16:40:53.408] [12034] [HailoRT] [info] [control.cpp:113] [control__parse_identify_results] firmware_version is: 4.23.0
[2026-05-01 16:40:53.408] [12034] [HailoRT] [info] [vdevice.cpp:682] [create] VDevice Infos: 0001:01:00.0
[2026-05-01 16:40:53.411] [12034] [HailoRT] [info] [hef.cpp:1994] [get_network_group_and_network_name] No name was given. Addressing all networks of default network_group: yolov8n
[2026-05-01 16:40:53.411] [12034] [HailoRT] [info] [hef.cpp:1994] [get_network_group_and_network_name] No name was given. Addressing all networks of default network_group: yolov8n
[2026-05-01 16:40:53.411] [12034] [HailoRT] [info] [hef.cpp:1994] [get_network_group_and_network_name] No name was given. Addressing all networks of default network_group: yolov8n
[2026-05-01 16:40:53.417] [12034] [HailoRT] [info] [internal_buffer_manager.cpp:75] [print_execution_results] Default Internal buffer planner failed to meet requirements
[2026-05-01 16:40:53.417] [12034] [HailoRT] [info] [internal_buffer_manager.cpp:86] [print_execution_results] Default Internal buffer planner executed successfully
[2026-05-01 16:40:53.424] [12034] [HailoRT] [info] [device_internal.cpp:57] [configure] Configuring HEF took 12.951113 milliseconds
[2026-05-01 16:40:53.424] [12034] [HailoRT] [info] [vdevice.cpp:780] [configure] Configuring HEF on VDevice took 13.33965 milliseconds
[2026-05-01 16:40:53.424] [12034] [HailoRT] [info] [infer_model.cpp:417] [configure] Configuring network group 'yolov8n' with params: batch size: 1, power mode: PERFORMANCE, latency: NONE
[2026-05-01 16:40:53.424] [12034] [HailoRT] [info] [multi_io_elements.cpp:754] [create] Created (AsyncHwEl)
[2026-05-01 16:40:53.425] [12034] [HailoRT] [info] [queue_elements.cpp:450] [create] Created (EntryPushQEl0yolov8n/input_layer1 | timeout: 10s)
[2026-05-01 16:40:53.425] [12034] [HailoRT] [info] [filter_elements.cpp:101] [create] Created (PreInferEl3yolov8n/input_layer1 | Reorder - src_order: NHWC, src_shape: (640, 640, 3), dst_order: NHCW, dst_shape: (640, 640, 3))
[2026-05-01 16:40:53.425] [12034] [HailoRT] [info] [queue_elements.cpp:450] [create] Created (PushQEl3yolov8n/input_layer1 | timeout: 10s)
[2026-05-01 16:40:53.425] [12034] [HailoRT] [info] [multi_io_elements.cpp:135] [create] Created (NmsPPMuxEl0YOLOV8-Post-Process | Op YOLOV8, Name: YOLOV8-Post-Process, Score threshold: 0.200, IoU threshold: 0.70, Classes: 3, Max bboxes per class: 100, Image height: 640, Image width: 640)
[2026-05-01 16:40:53.425] [12034] [HailoRT] [info] [queue_elements.cpp:942] [create] Created (MultiPushQEl0YOLOV8-Post-Process | timeout: 10s)
[2026-05-01 16:40:53.425] [12034] [HailoRT] [info] [edge_elements.cpp:187] [create] Created (LastAsyncEl0NmsPPMuxEl0YOLOV8-Post-Process)
[2026-05-01 16:40:53.425] [12034] [HailoRT] [info] [pipeline.cpp:891] [print_deep_description] EntryPushQEl0yolov8n/input_layer1 | inputs: user | outputs: PreInferEl3yolov8n/input_layer1(running in thread_id: 12058)
[2026-05-01 16:40:53.425] [12034] [HailoRT] [info] [pipeline.cpp:891] [print_deep_description] PreInferEl3yolov8n/input_layer1 | inputs: EntryPushQEl0yolov8n/input_layer1[0] | outputs: PushQEl3yolov8n/input_layer1
[2026-05-01 16:40:53.425] [12034] [HailoRT] [info] [pipeline.cpp:891] [print_deep_description] PushQEl3yolov8n/input_layer1 | inputs: PreInferEl3yolov8n/input_layer1[0] | outputs: AsyncHwEl(running in thread_id: 12059)
[2026-05-01 16:40:53.425] [12034] [HailoRT] [info] [pipeline.cpp:891] [print_deep_description] AsyncHwEl | inputs: PushQEl3yolov8n/input_layer1[0] | outputs: MultiPushQEl0YOLOV8-Post-Process MultiPushQEl0YOLOV8-Post-Process MultiPushQEl0YOLOV8-Post-Process MultiPushQEl0YOLOV8-Post-Process MultiPushQEl0YOLOV8-Post-Process MultiPushQEl0YOLOV8-Post-Process
[2026-05-01 16:40:53.425] [12034] [HailoRT] [info] [pipeline.cpp:891] [print_deep_description] MultiPushQEl0YOLOV8-Post-Process | inputs: AsyncHwEl[0] AsyncHwEl[1] AsyncHwEl[2] AsyncHwEl[3] AsyncHwEl[4] AsyncHwEl[5] | outputs: NmsPPMuxEl0YOLOV8-Post-Process(running in thread_id: 12060)
[2026-05-01 16:40:53.425] [12034] [HailoRT] [info] [pipeline.cpp:891] [print_deep_description] NmsPPMuxEl0YOLOV8-Post-Process | inputs: MultiPushQEl0YOLOV8-Post-Process[0] | outputs: LastAsyncEl0NmsPPMuxEl0YOLOV8-Post-Process
[2026-05-01 16:40:53.425] [12034] [HailoRT] [info] [pipeline.cpp:891] [print_deep_description] LastAsyncEl0NmsPPMuxEl0YOLOV8-Post-Process | inputs: NmsPPMuxEl0YOLOV8-Post-Process[0] | outputs: user
[2026-05-01 16:40:53.906] [12070] [HailoRT] [info] [hef.cpp:1994] [get_network_group_and_network_name] No name was given. Addressing all networks of default network_group: yolov8n
[2026-05-01 16:43:33.919] [12616] [HailoRT] [info] [device.cpp:51] [Device] OS Version: Linux 6.12.47+rpt-rpi-2712 #1 SMP PREEMPT Debian 1:6.12.47-1+rpt1 (2025-09-16) aarch64
[2026-05-01 16:43:33.920] [12616] [HailoRT] [info] [control.cpp:113] [control__parse_identify_results] firmware_version is: 4.23.0
[2026-05-01 16:43:33.920] [12616] [HailoRT] [info] [control.cpp:113] [control__parse_identify_results] firmware_version is: 4.23.0
[2026-05-01 16:43:33.971] [12613] [HailoRT] [info] [vdevice.cpp:535] [create] Creating vdevice with params: device_count: 1, scheduling_algorithm: ROUND_ROBIN, multi_process_service: false
[2026-05-01 16:43:33.983] [12613] [HailoRT] [info] [device.cpp:51] [Device] OS Version: Linux 6.12.47+rpt-rpi-2712 #1 SMP PREEMPT Debian 1:6.12.47-1+rpt1 (2025-09-16) aarch64
[2026-05-01 16:43:33.984] [12613] [HailoRT] [info] [control.cpp:113] [control__parse_identify_results] firmware_version is: 4.23.0
[2026-05-01 16:43:33.984] [12613] [HailoRT] [info] [vdevice.cpp:682] [create] VDevice Infos: 0001:01:00.0
[2026-05-01 16:43:33.987] [12613] [HailoRT] [info] [hef.cpp:1994] [get_network_group_and_network_name] No name was given. Addressing all networks of default network_group: yolov8n
[2026-05-01 16:43:33.987] [12613] [HailoRT] [info] [hef.cpp:1994] [get_network_group_and_network_name] No name was given. Addressing all networks of default network_group: yolov8n
[2026-05-01 16:43:33.987] [12613] [HailoRT] [info] [hef.cpp:1994] [get_network_group_and_network_name] No name was given. Addressing all networks of default network_group: yolov8n
[2026-05-01 16:43:33.992] [12613] [HailoRT] [info] [internal_buffer_manager.cpp:75] [print_execution_results] Default Internal buffer planner failed to meet requirements
[2026-05-01 16:43:33.992] [12613] [HailoRT] [info] [internal_buffer_manager.cpp:86] [print_execution_results] Default Internal buffer planner executed successfully
[2026-05-01 16:43:33.999] [12613] [HailoRT] [info] [device_internal.cpp:57] [configure] Configuring HEF took 12.043594 milliseconds
[2026-05-01 16:43:33.999] [12613] [HailoRT] [info] [vdevice.cpp:780] [configure] Configuring HEF on VDevice took 12.398575 milliseconds
[2026-05-01 16:43:33.999] [12613] [HailoRT] [info] [infer_model.cpp:417] [configure] Configuring network group 'yolov8n' with params: batch size: 1, power mode: PERFORMANCE, latency: NONE
[2026-05-01 16:43:33.999] [12613] [HailoRT] [info] [multi_io_elements.cpp:754] [create] Created (AsyncHwEl)
[2026-05-01 16:43:34.000] [12613] [HailoRT] [info] [queue_elements.cpp:450] [create] Created (EntryPushQEl0yolov8n/input_layer1 | timeout: 10s)
[2026-05-01 16:43:34.000] [12613] [HailoRT] [info] [filter_elements.cpp:101] [create] Created (PreInferEl3yolov8n/input_layer1 | Reorder - src_order: NHWC, src_shape: (640, 640, 3), dst_order: NHCW, dst_shape: (640, 640, 3))
[2026-05-01 16:43:34.000] [12613] [HailoRT] [info] [queue_elements.cpp:450] [create] Created (PushQEl3yolov8n/input_layer1 | timeout: 10s)
[2026-05-01 16:43:34.000] [12613] [HailoRT] [info] [multi_io_elements.cpp:135] [create] Created (NmsPPMuxEl0YOLOV8-Post-Process | Op YOLOV8, Name: YOLOV8-Post-Process, Score threshold: 0.200, IoU threshold: 0.70, Classes: 3, Max bboxes per class: 100, Image height: 640, Image width: 640)
[2026-05-01 16:43:34.000] [12613] [HailoRT] [info] [queue_elements.cpp:942] [create] Created (MultiPushQEl0YOLOV8-Post-Process | timeout: 10s)
[2026-05-01 16:43:34.000] [12613] [HailoRT] [info] [edge_elements.cpp:187] [create] Created (LastAsyncEl0NmsPPMuxEl0YOLOV8-Post-Process)
[2026-05-01 16:43:34.000] [12613] [HailoRT] [info] [pipeline.cpp:891] [print_deep_description] EntryPushQEl0yolov8n/input_layer1 | inputs: user | outputs: PreInferEl3yolov8n/input_layer1(running in thread_id: 12628)
[2026-05-01 16:43:34.000] [12613] [HailoRT] [info] [pipeline.cpp:891] [print_deep_description] PreInferEl3yolov8n/input_layer1 | inputs: EntryPushQEl0yolov8n/input_layer1[0] | outputs: PushQEl3yolov8n/input_layer1
[2026-05-01 16:43:34.000] [12613] [HailoRT] [info] [pipeline.cpp:891] [print_deep_description] PushQEl3yolov8n/input_layer1 | inputs: PreInferEl3yolov8n/input_layer1[0] | outputs: AsyncHwEl(running in thread_id: 12629)
[2026-05-01 16:43:34.000] [12613] [HailoRT] [info] [pipeline.cpp:891] [print_deep_description] AsyncHwEl | inputs: PushQEl3yolov8n/input_layer1[0] | outputs: MultiPushQEl0YOLOV8-Post-Process MultiPushQEl0YOLOV8-Post-Process MultiPushQEl0YOLOV8-Post-Process MultiPushQEl0YOLOV8-Post-Process MultiPushQEl0YOLOV8-Post-Process MultiPushQEl0YOLOV8-Post-Process
[2026-05-01 16:43:34.000] [12613] [HailoRT] [info] [pipeline.cpp:891] [print_deep_description] MultiPushQEl0YOLOV8-Post-Process | inputs: AsyncHwEl[0] AsyncHwEl[1] AsyncHwEl[2] AsyncHwEl[3] AsyncHwEl[4] AsyncHwEl[5] | outputs: NmsPPMuxEl0YOLOV8-Post-Process(running in thread_id: 12630)
[2026-05-01 16:43:34.000] [12613] [HailoRT] [info] [pipeline.cpp:891] [print_deep_description] NmsPPMuxEl0YOLOV8-Post-Process | inputs: MultiPushQEl0YOLOV8-Post-Process[0] | outputs: LastAsyncEl0NmsPPMuxEl0YOLOV8-Post-Process
[2026-05-01 16:43:34.000] [12613] [HailoRT] [info] [pipeline.cpp:891] [print_deep_description] LastAsyncEl0NmsPPMuxEl0YOLOV8-Post-Process | inputs: NmsPPMuxEl0YOLOV8-Post-Process[0] | outputs: user
[2026-05-01 16:43:34.460] [12640] [HailoRT] [info] [hef.cpp:1994] [get_network_group_and_network_name] No name was given. Addressing all networks of default network_group: yolov8n
[2026-05-01 16:44:17.899] [12888] [HailoRT] [info] [device.cpp:51] [Device] OS Version: Linux 6.12.47+rpt-rpi-2712 #1 SMP PREEMPT Debian 1:6.12.47-1+rpt1 (2025-09-16) aarch64
[2026-05-01 16:44:17.899] [12888] [HailoRT] [info] [control.cpp:113] [control__parse_identify_results] firmware_version is: 4.23.0
[2026-05-01 16:44:17.900] [12888] [HailoRT] [info] [control.cpp:113] [control__parse_identify_results] firmware_version is: 4.23.0
[2026-05-01 16:44:17.947] [12885] [HailoRT] [info] [vdevice.cpp:535] [create] Creating vdevice with params: device_count: 1, scheduling_algorithm: ROUND_ROBIN, multi_process_service: false
[2026-05-01 16:44:17.959] [12885] [HailoRT] [info] [device.cpp:51] [Device] OS Version: Linux 6.12.47+rpt-rpi-2712 #1 SMP PREEMPT Debian 1:6.12.47-1+rpt1 (2025-09-16) aarch64
[2026-05-01 16:44:17.960] [12885] [HailoRT] [info] [control.cpp:113] [control__parse_identify_results] firmware_version is: 4.23.0
[2026-05-01 16:44:17.960] [12885] [HailoRT] [info] [vdevice.cpp:682] [create] VDevice Infos: 0001:01:00.0
[2026-05-01 16:44:17.963] [12885] [HailoRT] [info] [hef.cpp:1994] [get_network_group_and_network_name] No name was given. Addressing all networks of default network_group: yolov8n
[2026-05-01 16:44:17.963] [12885] [HailoRT] [info] [hef.cpp:1994] [get_network_group_and_network_name] No name was given. Addressing all networks of default network_group: yolov8n
[2026-05-01 16:44:17.963] [12885] [HailoRT] [info] [hef.cpp:1994] [get_network_group_and_network_name] No name was given. Addressing all networks of default network_group: yolov8n
[2026-05-01 16:44:17.969] [12885] [HailoRT] [info] [internal_buffer_manager.cpp:75] [print_execution_results] Default Internal buffer planner failed to meet requirements
[2026-05-01 16:44:17.969] [12885] [HailoRT] [info] [internal_buffer_manager.cpp:86] [print_execution_results] Default Internal buffer planner executed successfully
[2026-05-01 16:44:17.976] [12885] [HailoRT] [info] [device_internal.cpp:57] [configure] Configuring HEF took 12.722057 milliseconds
[2026-05-01 16:44:17.976] [12885] [HailoRT] [info] [vdevice.cpp:780] [configure] Configuring HEF on VDevice took 13.060427 milliseconds
[2026-05-01 16:44:17.976] [12885] [HailoRT] [info] [infer_model.cpp:417] [configure] Configuring network group 'yolov8n' with params: batch size: 1, power mode: PERFORMANCE, latency: NONE
[2026-05-01 16:44:17.976] [12885] [HailoRT] [info] [multi_io_elements.cpp:754] [create] Created (AsyncHwEl)
[2026-05-01 16:44:17.977] [12885] [HailoRT] [info] [queue_elements.cpp:450] [create] Created (EntryPushQEl0yolov8n/input_layer1 | timeout: 10s)
[2026-05-01 16:44:17.977] [12885] [HailoRT] [info] [filter_elements.cpp:101] [create] Created (PreInferEl3yolov8n/input_layer1 | Reorder - src_order: NHWC, src_shape: (640, 640, 3), dst_order: NHCW, dst_shape: (640, 640, 3))
[2026-05-01 16:44:17.977] [12885] [HailoRT] [info] [queue_elements.cpp:450] [create] Created (PushQEl3yolov8n/input_layer1 | timeout: 10s)
[2026-05-01 16:44:17.977] [12885] [HailoRT] [info] [multi_io_elements.cpp:135] [create] Created (NmsPPMuxEl0YOLOV8-Post-Process | Op YOLOV8, Name: YOLOV8-Post-Process, Score threshold: 0.200, IoU threshold: 0.70, Classes: 3, Max bboxes per class: 100, Image height: 640, Image width: 640)
[2026-05-01 16:44:17.977] [12885] [HailoRT] [info] [queue_elements.cpp:942] [create] Created (MultiPushQEl0YOLOV8-Post-Process | timeout: 10s)
[2026-05-01 16:44:17.977] [12885] [HailoRT] [info] [edge_elements.cpp:187] [create] Created (LastAsyncEl0NmsPPMuxEl0YOLOV8-Post-Process)
[2026-05-01 16:44:17.977] [12885] [HailoRT] [info] [pipeline.cpp:891] [print_deep_description] EntryPushQEl0yolov8n/input_layer1 | inputs: user | outputs: PreInferEl3yolov8n/input_layer1(running in thread_id: 12900)
[2026-05-01 16:44:17.977] [12885] [HailoRT] [info] [pipeline.cpp:891] [print_deep_description] PreInferEl3yolov8n/input_layer1 | inputs: EntryPushQEl0yolov8n/input_layer1[0] | outputs: PushQEl3yolov8n/input_layer1
[2026-05-01 16:44:17.977] [12885] [HailoRT] [info] [pipeline.cpp:891] [print_deep_description] PushQEl3yolov8n/input_layer1 | inputs: PreInferEl3yolov8n/input_layer1[0] | outputs: AsyncHwEl(running in thread_id: 12901)
[2026-05-01 16:44:17.977] [12885] [HailoRT] [info] [pipeline.cpp:891] [print_deep_description] AsyncHwEl | inputs: PushQEl3yolov8n/input_layer1[0] | outputs: MultiPushQEl0YOLOV8-Post-Process MultiPushQEl0YOLOV8-Post-Process MultiPushQEl0YOLOV8-Post-Process MultiPushQEl0YOLOV8-Post-Process MultiPushQEl0YOLOV8-Post-Process MultiPushQEl0YOLOV8-Post-Process
[2026-05-01 16:44:17.977] [12885] [HailoRT] [info] [pipeline.cpp:891] [print_deep_description] MultiPushQEl0YOLOV8-Post-Process | inputs: AsyncHwEl[0] AsyncHwEl[1] AsyncHwEl[2] AsyncHwEl[3] AsyncHwEl[4] AsyncHwEl[5] | outputs: NmsPPMuxEl0YOLOV8-Post-Process(running in thread_id: 12902)
[2026-05-01 16:44:17.977] [12885] [HailoRT] [info] [pipeline.cpp:891] [print_deep_description] NmsPPMuxEl0YOLOV8-Post-Process | inputs: MultiPushQEl0YOLOV8-Post-Process[0] | outputs: LastAsyncEl0NmsPPMuxEl0YOLOV8-Post-Process
[2026-05-01 16:44:17.977] [12885] [HailoRT] [info] [pipeline.cpp:891] [print_deep_description] LastAsyncEl0NmsPPMuxEl0YOLOV8-Post-Process | inputs: NmsPPMuxEl0YOLOV8-Post-Process[0] | outputs: user
[2026-05-01 16:44:18.452] [12912] [HailoRT] [info] [hef.cpp:1994] [get_network_group_and_network_name] No name was given. Addressing all networks of default network_group: yolov8n
[2026-05-01 17:17:05.286] [14187] [HailoRT] [info] [device.cpp:51] [Device] OS Version: Linux 6.12.47+rpt-rpi-2712 #1 SMP PREEMPT Debian 1:6.12.47-1+rpt1 (2025-09-16) aarch64
[2026-05-01 17:17:05.287] [14187] [HailoRT] [info] [control.cpp:113] [control__parse_identify_results] firmware_version is: 4.23.0
[2026-05-01 17:17:05.287] [14187] [HailoRT] [info] [control.cpp:113] [control__parse_identify_results] firmware_version is: 4.23.0
[2026-05-01 17:17:05.331] [14184] [HailoRT] [info] [vdevice.cpp:535] [create] Creating vdevice with params: device_count: 1, scheduling_algorithm: ROUND_ROBIN, multi_process_service: false
[2026-05-01 17:17:05.343] [14184] [HailoRT] [info] [device.cpp:51] [Device] OS Version: Linux 6.12.47+rpt-rpi-2712 #1 SMP PREEMPT Debian 1:6.12.47-1+rpt1 (2025-09-16) aarch64
[2026-05-01 17:17:05.344] [14184] [HailoRT] [info] [control.cpp:113] [control__parse_identify_results] firmware_version is: 4.23.0
[2026-05-01 17:17:05.344] [14184] [HailoRT] [info] [vdevice.cpp:682] [create] VDevice Infos: 0001:01:00.0
[2026-05-01 17:17:05.347] [14184] [HailoRT] [info] [hef.cpp:1994] [get_network_group_and_network_name] No name was given. Addressing all networks of default network_group: yolov8n
[2026-05-01 17:17:05.347] [14184] [HailoRT] [info] [hef.cpp:1994] [get_network_group_and_network_name] No name was given. Addressing all networks of default network_group: yolov8n
[2026-05-01 17:17:05.347] [14184] [HailoRT] [info] [hef.cpp:1994] [get_network_group_and_network_name] No name was given. Addressing all networks of default network_group: yolov8n
[2026-05-01 17:17:05.353] [14184] [HailoRT] [info] [internal_buffer_manager.cpp:75] [print_execution_results] Default Internal buffer planner failed to meet requirements
[2026-05-01 17:17:05.353] [14184] [HailoRT] [info] [internal_buffer_manager.cpp:86] [print_execution_results] Default Internal buffer planner executed successfully
[2026-05-01 17:17:05.360] [14184] [HailoRT] [info] [device_internal.cpp:57] [configure] Configuring HEF took 12.604288 milliseconds
[2026-05-01 17:17:05.360] [14184] [HailoRT] [info] [vdevice.cpp:780] [configure] Configuring HEF on VDevice took 12.974306 milliseconds
[2026-05-01 17:17:05.360] [14184] [HailoRT] [info] [infer_model.cpp:417] [configure] Configuring network group 'yolov8n' with params: batch size: 1, power mode: PERFORMANCE, latency: NONE
[2026-05-01 17:17:05.360] [14184] [HailoRT] [info] [multi_io_elements.cpp:754] [create] Created (AsyncHwEl)
[2026-05-01 17:17:05.360] [14184] [HailoRT] [info] [queue_elements.cpp:450] [create] Created (EntryPushQEl0yolov8n/input_layer1 | timeout: 10s)
[2026-05-01 17:17:05.360] [14184] [HailoRT] [info] [filter_elements.cpp:101] [create] Created (PreInferEl3yolov8n/input_layer1 | Reorder - src_order: NHWC, src_shape: (640, 640, 3), dst_order: NHCW, dst_shape: (640, 640, 3))
[2026-05-01 17:17:05.360] [14184] [HailoRT] [info] [queue_elements.cpp:450] [create] Created (PushQEl3yolov8n/input_layer1 | timeout: 10s)
[2026-05-01 17:17:05.360] [14184] [HailoRT] [info] [multi_io_elements.cpp:135] [create] Created (NmsPPMuxEl0YOLOV8-Post-Process | Op YOLOV8, Name: YOLOV8-Post-Process, Score threshold: 0.200, IoU threshold: 0.70, Classes: 3, Max bboxes per class: 100, Image height: 640, Image width: 640)
[2026-05-01 17:17:05.361] [14184] [HailoRT] [info] [queue_elements.cpp:942] [create] Created (MultiPushQEl0YOLOV8-Post-Process | timeout: 10s)
[2026-05-01 17:17:05.361] [14184] [HailoRT] [info] [edge_elements.cpp:187] [create] Created (LastAsyncEl0NmsPPMuxEl0YOLOV8-Post-Process)
[2026-05-01 17:17:05.361] [14184] [HailoRT] [info] [pipeline.cpp:891] [print_deep_description] EntryPushQEl0yolov8n/input_layer1 | inputs: user | outputs: PreInferEl3yolov8n/input_layer1(running in thread_id: 14199)
[2026-05-01 17:17:05.361] [14184] [HailoRT] [info] [pipeline.cpp:891] [print_deep_description] PreInferEl3yolov8n/input_layer1 | inputs: EntryPushQEl0yolov8n/input_layer1[0] | outputs: PushQEl3yolov8n/input_layer1
[2026-05-01 17:17:05.361] [14184] [HailoRT] [info] [pipeline.cpp:891] [print_deep_description] PushQEl3yolov8n/input_layer1 | inputs: PreInferEl3yolov8n/input_layer1[0] | outputs: AsyncHwEl(running in thread_id: 14200)
[2026-05-01 17:17:05.361] [14184] [HailoRT] [info] [pipeline.cpp:891] [print_deep_description] AsyncHwEl | inputs: PushQEl3yolov8n/input_layer1[0] | outputs: MultiPushQEl0YOLOV8-Post-Process MultiPushQEl0YOLOV8-Post-Process MultiPushQEl0YOLOV8-Post-Process MultiPushQEl0YOLOV8-Post-Process MultiPushQEl0YOLOV8-Post-Process MultiPushQEl0YOLOV8-Post-Process
[2026-05-01 17:17:05.361] [14184] [HailoRT] [info] [pipeline.cpp:891] [print_deep_description] MultiPushQEl0YOLOV8-Post-Process | inputs: AsyncHwEl[0] AsyncHwEl[1] AsyncHwEl[2] AsyncHwEl[3] AsyncHwEl[4] AsyncHwEl[5] | outputs: NmsPPMuxEl0YOLOV8-Post-Process(running in thread_id: 14201)
[2026-05-01 17:17:05.361] [14184] [HailoRT] [info] [pipeline.cpp:891] [print_deep_description] NmsPPMuxEl0YOLOV8-Post-Process | inputs: MultiPushQEl0YOLOV8-Post-Process[0] | outputs: LastAsyncEl0NmsPPMuxEl0YOLOV8-Post-Process
[2026-05-01 17:17:05.361] [14184] [HailoRT] [info] [pipeline.cpp:891] [print_deep_description] LastAsyncEl0NmsPPMuxEl0YOLOV8-Post-Process | inputs: NmsPPMuxEl0YOLOV8-Post-Process[0] | outputs: user
[2026-05-01 17:17:05.830] [14211] [HailoRT] [info] [hef.cpp:1994] [get_network_group_and_network_name] No name was given. Addressing all networks of default network_group: yolov8n
[2026-05-02 12:06:53.570] [6571] [HailoRT] [info] [device.cpp:51] [Device] OS Version: Linux 6.12.47+rpt-rpi-2712 #1 SMP PREEMPT Debian 1:6.12.47-1+rpt1 (2025-09-16) aarch64
[2026-05-02 12:06:53.571] [6571] [HailoRT] [info] [control.cpp:113] [control__parse_identify_results] firmware_version is: 4.23.0
[2026-05-02 12:06:53.571] [6571] [HailoRT] [info] [control.cpp:113] [control__parse_identify_results] firmware_version is: 4.23.0
[2026-05-02 12:06:53.704] [6568] [HailoRT] [info] [vdevice.cpp:535] [create] Creating vdevice with params: device_count: 1, scheduling_algorithm: ROUND_ROBIN, multi_process_service: false
[2026-05-02 12:06:53.715] [6568] [HailoRT] [info] [device.cpp:51] [Device] OS Version: Linux 6.12.47+rpt-rpi-2712 #1 SMP PREEMPT Debian 1:6.12.47-1+rpt1 (2025-09-16) aarch64
[2026-05-02 12:06:53.715] [6568] [HailoRT] [info] [control.cpp:113] [control__parse_identify_results] firmware_version is: 4.23.0
[2026-05-02 12:06:53.715] [6568] [HailoRT] [info] [vdevice.cpp:682] [create] VDevice Infos: 0001:01:00.0
[2026-05-02 12:06:53.719] [6568] [HailoRT] [info] [hef.cpp:1994] [get_network_group_and_network_name] No name was given. Addressing all networks of default network_group: yolov8n
[2026-05-02 12:06:53.719] [6568] [HailoRT] [info] [hef.cpp:1994] [get_network_group_and_network_name] No name was given. Addressing all networks of default network_group: yolov8n
[2026-05-02 12:06:53.719] [6568] [HailoRT] [info] [hef.cpp:1994] [get_network_group_and_network_name] No name was given. Addressing all networks of default network_group: yolov8n
[2026-05-02 12:06:53.728] [6568] [HailoRT] [info] [internal_buffer_manager.cpp:75] [print_execution_results] Default Internal buffer planner failed to meet requirements
[2026-05-02 12:06:53.728] [6568] [HailoRT] [info] [internal_buffer_manager.cpp:86] [print_execution_results] Default Internal buffer planner executed successfully
[2026-05-02 12:06:53.735] [6568] [HailoRT] [info] [device_internal.cpp:57] [configure] Configuring HEF took 15.899799 milliseconds
[2026-05-02 12:06:53.735] [6568] [HailoRT] [info] [vdevice.cpp:780] [configure] Configuring HEF on VDevice took 16.589324 milliseconds
[2026-05-02 12:06:53.735] [6568] [HailoRT] [info] [infer_model.cpp:417] [configure] Configuring network group 'yolov8n' with params: batch size: 1, power mode: PERFORMANCE, latency: NONE
[2026-05-02 12:06:53.737] [6568] [HailoRT] [info] [multi_io_elements.cpp:754] [create] Created (AsyncHwEl)
[2026-05-02 12:06:53.740] [6568] [HailoRT] [info] [queue_elements.cpp:450] [create] Created (EntryPushQEl0yolov8n/input_layer1 | timeout: 10s)
[2026-05-02 12:06:53.740] [6568] [HailoRT] [info] [filter_elements.cpp:101] [create] Created (PreInferEl3yolov8n/input_layer1 | Reorder - src_order: NHWC, src_shape: (640, 640, 3), dst_order: NHCW, dst_shape: (640, 640, 3))
[2026-05-02 12:06:53.740] [6568] [HailoRT] [info] [queue_elements.cpp:450] [create] Created (PushQEl3yolov8n/input_layer1 | timeout: 10s)
[2026-05-02 12:06:53.740] [6568] [HailoRT] [info] [multi_io_elements.cpp:135] [create] Created (NmsPPMuxEl0YOLOV8-Post-Process | Op YOLOV8, Name: YOLOV8-Post-Process, Score threshold: 0.200, IoU threshold: 0.70, Classes: 3, Max bboxes per class: 100, Image height: 640, Image width: 640)
[2026-05-02 12:06:53.740] [6568] [HailoRT] [info] [queue_elements.cpp:942] [create] Created (MultiPushQEl0YOLOV8-Post-Process | timeout: 10s)
[2026-05-02 12:06:53.740] [6568] [HailoRT] [info] [edge_elements.cpp:187] [create] Created (LastAsyncEl0NmsPPMuxEl0YOLOV8-Post-Process)
[2026-05-02 12:06:53.740] [6568] [HailoRT] [info] [pipeline.cpp:891] [print_deep_description] EntryPushQEl0yolov8n/input_layer1 | inputs: user | outputs: PreInferEl3yolov8n/input_layer1(running in thread_id: 6583)
[2026-05-02 12:06:53.741] [6568] [HailoRT] [info] [pipeline.cpp:891] [print_deep_description] PreInferEl3yolov8n/input_layer1 | inputs: EntryPushQEl0yolov8n/input_layer1[0] | outputs: PushQEl3yolov8n/input_layer1
[2026-05-02 12:06:53.741] [6568] [HailoRT] [info] [pipeline.cpp:891] [print_deep_description] PushQEl3yolov8n/input_layer1 | inputs: PreInferEl3yolov8n/input_layer1[0] | outputs: AsyncHwEl(running in thread_id: 6584)
[2026-05-02 12:06:53.741] [6568] [HailoRT] [info] [pipeline.cpp:891] [print_deep_description] AsyncHwEl | inputs: PushQEl3yolov8n/input_layer1[0] | outputs: MultiPushQEl0YOLOV8-Post-Process MultiPushQEl0YOLOV8-Post-Process MultiPushQEl0YOLOV8-Post-Process MultiPushQEl0YOLOV8-Post-Process MultiPushQEl0YOLOV8-Post-Process MultiPushQEl0YOLOV8-Post-Process
[2026-05-02 12:06:53.741] [6568] [HailoRT] [info] [pipeline.cpp:891] [print_deep_description] MultiPushQEl0YOLOV8-Post-Process | inputs: AsyncHwEl[0] AsyncHwEl[1] AsyncHwEl[2] AsyncHwEl[3] AsyncHwEl[4] AsyncHwEl[5] | outputs: NmsPPMuxEl0YOLOV8-Post-Process(running in thread_id: 6585)
[2026-05-02 12:06:53.741] [6568] [HailoRT] [info] [pipeline.cpp:891] [print_deep_description] NmsPPMuxEl0YOLOV8-Post-Process | inputs: MultiPushQEl0YOLOV8-Post-Process[0] | outputs: LastAsyncEl0NmsPPMuxEl0YOLOV8-Post-Process
[2026-05-02 12:06:53.741] [6568] [HailoRT] [info] [pipeline.cpp:891] [print_deep_description] LastAsyncEl0NmsPPMuxEl0YOLOV8-Post-Process | inputs: NmsPPMuxEl0YOLOV8-Post-Process[0] | outputs: user
[2026-05-02 12:06:55.795] [6610] [HailoRT] [info] [hef.cpp:1994] [get_network_group_and_network_name] No name was given. Addressing all networks of default network_group: yolov8n
[2026-05-02 12:10:45.958] [8742] [HailoRT] [info] [device.cpp:51] [Device] OS Version: Linux 6.12.47+rpt-rpi-2712 #1 SMP PREEMPT Debian 1:6.12.47-1+rpt1 (2025-09-16) aarch64
[2026-05-02 12:10:45.959] [8742] [HailoRT] [info] [control.cpp:113] [control__parse_identify_results] firmware_version is: 4.23.0
[2026-05-02 12:10:45.959] [8742] [HailoRT] [info] [control.cpp:113] [control__parse_identify_results] firmware_version is: 4.23.0
[2026-05-02 12:10:46.003] [8739] [HailoRT] [info] [vdevice.cpp:535] [create] Creating vdevice with params: device_count: 1, scheduling_algorithm: ROUND_ROBIN, multi_process_service: false
[2026-05-02 12:10:46.014] [8739] [HailoRT] [info] [device.cpp:51] [Device] OS Version: Linux 6.12.47+rpt-rpi-2712 #1 SMP PREEMPT Debian 1:6.12.47-1+rpt1 (2025-09-16) aarch64
[2026-05-02 12:10:46.015] [8739] [HailoRT] [info] [control.cpp:113] [control__parse_identify_results] firmware_version is: 4.23.0
[2026-05-02 12:10:46.015] [8739] [HailoRT] [info] [vdevice.cpp:682] [create] VDevice Infos: 0001:01:00.0
[2026-05-02 12:10:46.017] [8739] [HailoRT] [info] [hef.cpp:1994] [get_network_group_and_network_name] No name was given. Addressing all networks of default network_group: yolov8n
[2026-05-02 12:10:46.017] [8739] [HailoRT] [info] [hef.cpp:1994] [get_network_group_and_network_name] No name was given. Addressing all networks of default network_group: yolov8n
[2026-05-02 12:10:46.017] [8739] [HailoRT] [info] [hef.cpp:1994] [get_network_group_and_network_name] No name was given. Addressing all networks of default network_group: yolov8n
[2026-05-02 12:10:46.024] [8739] [HailoRT] [info] [internal_buffer_manager.cpp:75] [print_execution_results] Default Internal buffer planner failed to meet requirements
[2026-05-02 12:10:46.024] [8739] [HailoRT] [info] [internal_buffer_manager.cpp:86] [print_execution_results] Default Internal buffer planner executed successfully
[2026-05-02 12:10:46.036] [8739] [HailoRT] [info] [device_internal.cpp:57] [configure] Configuring HEF took 18.515029 milliseconds
[2026-05-02 12:10:46.036] [8739] [HailoRT] [info] [vdevice.cpp:780] [configure] Configuring HEF on VDevice took 18.837327 milliseconds
[2026-05-02 12:10:46.036] [8739] [HailoRT] [info] [infer_model.cpp:417] [configure] Configuring network group 'yolov8n' with params: batch size: 1, power mode: PERFORMANCE, latency: NONE
[2026-05-02 12:10:46.036] [8739] [HailoRT] [info] [multi_io_elements.cpp:754] [create] Created (AsyncHwEl)
[2026-05-02 12:10:46.036] [8739] [HailoRT] [info] [queue_elements.cpp:450] [create] Created (EntryPushQEl0yolov8n/input_layer1 | timeout: 10s)
[2026-05-02 12:10:46.036] [8739] [HailoRT] [info] [filter_elements.cpp:101] [create] Created (PreInferEl3yolov8n/input_layer1 | Reorder - src_order: NHWC, src_shape: (640, 640, 3), dst_order: NHCW, dst_shape: (640, 640, 3))
[2026-05-02 12:10:46.036] [8739] [HailoRT] [info] [queue_elements.cpp:450] [create] Created (PushQEl3yolov8n/input_layer1 | timeout: 10s)
[2026-05-02 12:10:46.036] [8739] [HailoRT] [info] [multi_io_elements.cpp:135] [create] Created (NmsPPMuxEl0YOLOV8-Post-Process | Op YOLOV8, Name: YOLOV8-Post-Process, Score threshold: 0.200, IoU threshold: 0.70, Classes: 3, Max bboxes per class: 100, Image height: 640, Image width: 640)
[2026-05-02 12:10:46.037] [8739] [HailoRT] [info] [queue_elements.cpp:942] [create] Created (MultiPushQEl0YOLOV8-Post-Process | timeout: 10s)
[2026-05-02 12:10:46.037] [8739] [HailoRT] [info] [edge_elements.cpp:187] [create] Created (LastAsyncEl0NmsPPMuxEl0YOLOV8-Post-Process)
[2026-05-02 12:10:46.037] [8739] [HailoRT] [info] [pipeline.cpp:891] [print_deep_description] EntryPushQEl0yolov8n/input_layer1 | inputs: user | outputs: PreInferEl3yolov8n/input_layer1(running in thread_id: 8754)
[2026-05-02 12:10:46.037] [8739] [HailoRT] [info] [pipeline.cpp:891] [print_deep_description] PreInferEl3yolov8n/input_layer1 | inputs: EntryPushQEl0yolov8n/input_layer1[0] | outputs: PushQEl3yolov8n/input_layer1
[2026-05-02 12:10:46.037] [8739] [HailoRT] [info] [pipeline.cpp:891] [print_deep_description] PushQEl3yolov8n/input_layer1 | inputs: PreInferEl3yolov8n/input_layer1[0] | outputs: AsyncHwEl(running in thread_id: 8755)
[2026-05-02 12:10:46.037] [8739] [HailoRT] [info] [pipeline.cpp:891] [print_deep_description] AsyncHwEl | inputs: PushQEl3yolov8n/input_layer1[0] | outputs: MultiPushQEl0YOLOV8-Post-Process MultiPushQEl0YOLOV8-Post-Process MultiPushQEl0YOLOV8-Post-Process MultiPushQEl0YOLOV8-Post-Process MultiPushQEl0YOLOV8-Post-Process MultiPushQEl0YOLOV8-Post-Process
[2026-05-02 12:10:46.037] [8739] [HailoRT] [info] [pipeline.cpp:891] [print_deep_description] MultiPushQEl0YOLOV8-Post-Process | inputs: AsyncHwEl[0] AsyncHwEl[1] AsyncHwEl[2] AsyncHwEl[3] AsyncHwEl[4] AsyncHwEl[5] | outputs: NmsPPMuxEl0YOLOV8-Post-Process(running in thread_id: 8756)
[2026-05-02 12:10:46.037] [8739] [HailoRT] [info] [pipeline.cpp:891] [print_deep_description] NmsPPMuxEl0YOLOV8-Post-Process | inputs: MultiPushQEl0YOLOV8-Post-Process[0] | outputs: LastAsyncEl0NmsPPMuxEl0YOLOV8-Post-Process
[2026-05-02 12:10:46.037] [8739] [HailoRT] [info] [pipeline.cpp:891] [print_deep_description] LastAsyncEl0NmsPPMuxEl0YOLOV8-Post-Process | inputs: NmsPPMuxEl0YOLOV8-Post-Process[0] | outputs: user
[2026-05-02 12:10:46.510] [8766] [HailoRT] [info] [hef.cpp:1994] [get_network_group_and_network_name] No name was given. Addressing all networks of default network_group: yolov8n
[2026-05-02 12:35:26.210] [17900] [HailoRT] [info] [device.cpp:51] [Device] OS Version: Linux 6.12.47+rpt-rpi-2712 #1 SMP PREEMPT Debian 1:6.12.47-1+rpt1 (2025-09-16) aarch64
[2026-05-02 12:35:26.211] [17900] [HailoRT] [info] [control.cpp:113] [control__parse_identify_results] firmware_version is: 4.23.0
[2026-05-02 12:35:26.211] [17900] [HailoRT] [info] [control.cpp:113] [control__parse_identify_results] firmware_version is: 4.23.0
[2026-05-02 12:35:26.255] [17894] [HailoRT] [info] [vdevice.cpp:535] [create] Creating vdevice with params: device_count: 1, scheduling_algorithm: ROUND_ROBIN, multi_process_service: false
[2026-05-02 12:35:26.267] [17894] [HailoRT] [info] [device.cpp:51] [Device] OS Version: Linux 6.12.47+rpt-rpi-2712 #1 SMP PREEMPT Debian 1:6.12.47-1+rpt1 (2025-09-16) aarch64
[2026-05-02 12:35:26.267] [17894] [HailoRT] [info] [control.cpp:113] [control__parse_identify_results] firmware_version is: 4.23.0
[2026-05-02 12:35:26.267] [17894] [HailoRT] [info] [vdevice.cpp:682] [create] VDevice Infos: 0001:01:00.0
[2026-05-02 12:35:26.271] [17894] [HailoRT] [info] [hef.cpp:1994] [get_network_group_and_network_name] No name was given. Addressing all networks of default network_group: yolov8n
[2026-05-02 12:35:26.271] [17894] [HailoRT] [info] [hef.cpp:1994] [get_network_group_and_network_name] No name was given. Addressing all networks of default network_group: yolov8n
[2026-05-02 12:35:26.271] [17894] [HailoRT] [info] [hef.cpp:1994] [get_network_group_and_network_name] No name was given. Addressing all networks of default network_group: yolov8n
[2026-05-02 12:35:26.277] [17894] [HailoRT] [info] [internal_buffer_manager.cpp:75] [print_execution_results] Default Internal buffer planner failed to meet requirements
[2026-05-02 12:35:26.277] [17894] [HailoRT] [info] [internal_buffer_manager.cpp:86] [print_execution_results] Default Internal buffer planner executed successfully
[2026-05-02 12:35:26.284] [17894] [HailoRT] [info] [device_internal.cpp:57] [configure] Configuring HEF took 12.79471 milliseconds
[2026-05-02 12:35:26.284] [17894] [HailoRT] [info] [vdevice.cpp:780] [configure] Configuring HEF on VDevice took 13.123191 milliseconds
[2026-05-02 12:35:26.284] [17894] [HailoRT] [info] [infer_model.cpp:417] [configure] Configuring network group 'yolov8n' with params: batch size: 1, power mode: PERFORMANCE, latency: NONE
[2026-05-02 12:35:26.284] [17894] [HailoRT] [info] [multi_io_elements.cpp:754] [create] Created (AsyncHwEl)
[2026-05-02 12:35:26.284] [17894] [HailoRT] [info] [queue_elements.cpp:450] [create] Created (EntryPushQEl0yolov8n/input_layer1 | timeout: 10s)
[2026-05-02 12:35:26.284] [17894] [HailoRT] [info] [filter_elements.cpp:101] [create] Created (PreInferEl3yolov8n/input_layer1 | Reorder - src_order: NHWC, src_shape: (640, 640, 3), dst_order: NHCW, dst_shape: (640, 640, 3))
[2026-05-02 12:35:26.284] [17894] [HailoRT] [info] [queue_elements.cpp:450] [create] Created (PushQEl3yolov8n/input_layer1 | timeout: 10s)
[2026-05-02 12:35:26.284] [17894] [HailoRT] [info] [multi_io_elements.cpp:135] [create] Created (NmsPPMuxEl0YOLOV8-Post-Process | Op YOLOV8, Name: YOLOV8-Post-Process, Score threshold: 0.200, IoU threshold: 0.70, Classes: 3, Max bboxes per class: 100, Image height: 640, Image width: 640)
[2026-05-02 12:35:26.285] [17894] [HailoRT] [info] [queue_elements.cpp:942] [create] Created (MultiPushQEl0YOLOV8-Post-Process | timeout: 10s)
[2026-05-02 12:35:26.285] [17894] [HailoRT] [info] [edge_elements.cpp:187] [create] Created (LastAsyncEl0NmsPPMuxEl0YOLOV8-Post-Process)
[2026-05-02 12:35:26.285] [17894] [HailoRT] [info] [pipeline.cpp:891] [print_deep_description] EntryPushQEl0yolov8n/input_layer1 | inputs: user | outputs: PreInferEl3yolov8n/input_layer1(running in thread_id: 17912)
[2026-05-02 12:35:26.285] [17894] [HailoRT] [info] [pipeline.cpp:891] [print_deep_description] PreInferEl3yolov8n/input_layer1 | inputs: EntryPushQEl0yolov8n/input_layer1[0] | outputs: PushQEl3yolov8n/input_layer1
[2026-05-02 12:35:26.285] [17894] [HailoRT] [info] [pipeline.cpp:891] [print_deep_description] PushQEl3yolov8n/input_layer1 | inputs: PreInferEl3yolov8n/input_layer1[0] | outputs: AsyncHwEl(running in thread_id: 17913)
[2026-05-02 12:35:26.285] [17894] [HailoRT] [info] [pipeline.cpp:891] [print_deep_description] AsyncHwEl | inputs: PushQEl3yolov8n/input_layer1[0] | outputs: MultiPushQEl0YOLOV8-Post-Process MultiPushQEl0YOLOV8-Post-Process MultiPushQEl0YOLOV8-Post-Process MultiPushQEl0YOLOV8-Post-Process MultiPushQEl0YOLOV8-Post-Process MultiPushQEl0YOLOV8-Post-Process
[2026-05-02 12:35:26.285] [17894] [HailoRT] [info] [pipeline.cpp:891] [print_deep_description] MultiPushQEl0YOLOV8-Post-Process | inputs: AsyncHwEl[0] AsyncHwEl[1] AsyncHwEl[2] AsyncHwEl[3] AsyncHwEl[4] AsyncHwEl[5] | outputs: NmsPPMuxEl0YOLOV8-Post-Process(running in thread_id: 17914)
[2026-05-02 12:35:26.285] [17894] [HailoRT] [info] [pipeline.cpp:891] [print_deep_description] NmsPPMuxEl0YOLOV8-Post-Process | inputs: MultiPushQEl0YOLOV8-Post-Process[0] | outputs: LastAsyncEl0NmsPPMuxEl0YOLOV8-Post-Process
[2026-05-02 12:35:26.285] [17894] [HailoRT] [info] [pipeline.cpp:891] [print_deep_description] LastAsyncEl0NmsPPMuxEl0YOLOV8-Post-Process | inputs: NmsPPMuxEl0YOLOV8-Post-Process[0] | outputs: user
[2026-05-02 12:35:26.769] [17924] [HailoRT] [info] [hef.cpp:1994] [get_network_group_and_network_name] No name was given. Addressing all networks of default network_group: yolov8n
[2026-05-02 12:40:58.410] [18279] [HailoRT] [info] [device.cpp:51] [Device] OS Version: Linux 6.12.47+rpt-rpi-2712 #1 SMP PREEMPT Debian 1:6.12.47-1+rpt1 (2025-09-16) aarch64
[2026-05-02 12:40:58.411] [18279] [HailoRT] [info] [control.cpp:113] [control__parse_identify_results] firmware_version is: 4.23.0
[2026-05-02 12:40:58.411] [18279] [HailoRT] [info] [control.cpp:113] [control__parse_identify_results] firmware_version is: 4.23.0
[2026-05-02 12:40:58.449] [18269] [HailoRT] [info] [vdevice.cpp:535] [create] Creating vdevice with params: device_count: 1, scheduling_algorithm: ROUND_ROBIN, multi_process_service: false
[2026-05-02 12:40:58.461] [18269] [HailoRT] [info] [device.cpp:51] [Device] OS Version: Linux 6.12.47+rpt-rpi-2712 #1 SMP PREEMPT Debian 1:6.12.47-1+rpt1 (2025-09-16) aarch64
[2026-05-02 12:40:58.461] [18269] [HailoRT] [info] [control.cpp:113] [control__parse_identify_results] firmware_version is: 4.23.0
[2026-05-02 12:40:58.462] [18269] [HailoRT] [info] [vdevice.cpp:682] [create] VDevice Infos: 0001:01:00.0
[2026-05-02 12:40:58.465] [18269] [HailoRT] [info] [hef.cpp:1994] [get_network_group_and_network_name] No name was given. Addressing all networks of default network_group: yolov8n
[2026-05-02 12:40:58.466] [18269] [HailoRT] [info] [hef.cpp:1994] [get_network_group_and_network_name] No name was given. Addressing all networks of default network_group: yolov8n
[2026-05-02 12:40:58.466] [18269] [HailoRT] [info] [hef.cpp:1994] [get_network_group_and_network_name] No name was given. Addressing all networks of default network_group: yolov8n
[2026-05-02 12:40:58.471] [18269] [HailoRT] [info] [internal_buffer_manager.cpp:75] [print_execution_results] Default Internal buffer planner failed to meet requirements
[2026-05-02 12:40:58.471] [18269] [HailoRT] [info] [internal_buffer_manager.cpp:86] [print_execution_results] Default Internal buffer planner executed successfully
[2026-05-02 12:40:58.480] [18269] [HailoRT] [info] [device_internal.cpp:57] [configure] Configuring HEF took 13.673794 milliseconds
[2026-05-02 12:40:58.480] [18269] [HailoRT] [info] [vdevice.cpp:780] [configure] Configuring HEF on VDevice took 14.046351 milliseconds
[2026-05-02 12:40:58.480] [18269] [HailoRT] [info] [infer_model.cpp:417] [configure] Configuring network group 'yolov8n' with params: batch size: 1, power mode: PERFORMANCE, latency: NONE
[2026-05-02 12:40:58.480] [18269] [HailoRT] [info] [multi_io_elements.cpp:754] [create] Created (AsyncHwEl)
[2026-05-02 12:40:58.480] [18269] [HailoRT] [info] [queue_elements.cpp:450] [create] Created (EntryPushQEl0yolov8n/input_layer1 | timeout: 10s)
[2026-05-02 12:40:58.480] [18269] [HailoRT] [info] [filter_elements.cpp:101] [create] Created (PreInferEl3yolov8n/input_layer1 | Reorder - src_order: NHWC, src_shape: (640, 640, 3), dst_order: NHCW, dst_shape: (640, 640, 3))
[2026-05-02 12:40:58.480] [18269] [HailoRT] [info] [queue_elements.cpp:450] [create] Created (PushQEl3yolov8n/input_layer1 | timeout: 10s)
[2026-05-02 12:40:58.480] [18269] [HailoRT] [info] [multi_io_elements.cpp:135] [create] Created (NmsPPMuxEl0YOLOV8-Post-Process | Op YOLOV8, Name: YOLOV8-Post-Process, Score threshold: 0.200, IoU threshold: 0.70, Classes: 3, Max bboxes per class: 100, Image height: 640, Image width: 640)
[2026-05-02 12:40:58.481] [18269] [HailoRT] [info] [queue_elements.cpp:942] [create] Created (MultiPushQEl0YOLOV8-Post-Process | timeout: 10s)
[2026-05-02 12:40:58.481] [18269] [HailoRT] [info] [edge_elements.cpp:187] [create] Created (LastAsyncEl0NmsPPMuxEl0YOLOV8-Post-Process)
[2026-05-02 12:40:58.481] [18269] [HailoRT] [info] [pipeline.cpp:891] [print_deep_description] EntryPushQEl0yolov8n/input_layer1 | inputs: user | outputs: PreInferEl3yolov8n/input_layer1(running in thread_id: 18291)
[2026-05-02 12:40:58.481] [18269] [HailoRT] [info] [pipeline.cpp:891] [print_deep_description] PreInferEl3yolov8n/input_layer1 | inputs: EntryPushQEl0yolov8n/input_layer1[0] | outputs: PushQEl3yolov8n/input_layer1
[2026-05-02 12:40:58.481] [18269] [HailoRT] [info] [pipeline.cpp:891] [print_deep_description] PushQEl3yolov8n/input_layer1 | inputs: PreInferEl3yolov8n/input_layer1[0] | outputs: AsyncHwEl(running in thread_id: 18292)
[2026-05-02 12:40:58.481] [18269] [HailoRT] [info] [pipeline.cpp:891] [print_deep_description] AsyncHwEl | inputs: PushQEl3yolov8n/input_layer1[0] | outputs: MultiPushQEl0YOLOV8-Post-Process MultiPushQEl0YOLOV8-Post-Process MultiPushQEl0YOLOV8-Post-Process MultiPushQEl0YOLOV8-Post-Process MultiPushQEl0YOLOV8-Post-Process MultiPushQEl0YOLOV8-Post-Process
[2026-05-02 12:40:58.481] [18269] [HailoRT] [info] [pipeline.cpp:891] [print_deep_description] MultiPushQEl0YOLOV8-Post-Process | inputs: AsyncHwEl[0] AsyncHwEl[1] AsyncHwEl[2] AsyncHwEl[3] AsyncHwEl[4] AsyncHwEl[5] | outputs: NmsPPMuxEl0YOLOV8-Post-Process(running in thread_id: 18293)
[2026-05-02 12:40:58.481] [18269] [HailoRT] [info] [pipeline.cpp:891] [print_deep_description] NmsPPMuxEl0YOLOV8-Post-Process | inputs: MultiPushQEl0YOLOV8-Post-Process[0] | outputs: LastAsyncEl0NmsPPMuxEl0YOLOV8-Post-Process
[2026-05-02 12:40:58.481] [18269] [HailoRT] [info] [pipeline.cpp:891] [print_deep_description] LastAsyncEl0NmsPPMuxEl0YOLOV8-Post-Process | inputs: NmsPPMuxEl0YOLOV8-Post-Process[0] | outputs: user
[2026-05-02 12:40:59.000] [18303] [HailoRT] [info] [hef.cpp:1994] [get_network_group_and_network_name] No name was given. Addressing all networks of default network_group: yolov8n
